Sample.ID,Size_cm,Structure,Texture,Plant.Influence,Time.day,Cum.inf.cm,TMX_PPB,Event,V.Vo,Vo,Leach.Vol.mL,Co.PPB,cum.inf.mL,dt,Inf.mL
KF-60 cm-LS-Ctr-1,60,S,Clay,No Plant,3,0.9,0.086278355,1,0.02,6800,136,290,300,3,300
KF-60 cm-LS-Ctr-2,60,S,Clay,No Plant,3,0.9,0.080540723,1,0.012632353,6800,85.9,290,300,3,300
KF-60 cm-LS-Ctr-3,60,S,Clay,No Plant,3,0.9,0.083649347,1,0.030735294,6800,209,290,300,3,300
KF-60 cm-LS-Ctr-5,60,S,Clay,No Plant,3,0.9,0.083969091,1,0.031588235,6800,214.8,290,300,3,300
KF-60 cm-LS-Exp-2,60,S,Clay,Plant,3,0.9,0.079901235,1,0.026602941,6800,180.9,290,300,3,300
KF-60 cm-LS-Exp-3,60,S,Clay,Plant,3,0.9,0.085514522,1,0.034529412,6800,234.8,290,300,3,300
KF-60 cm-LS-Exp-4,60,S,Clay,Plant,3,0.9,0.070468781,1,0.023529412,6800,160,290,300,3,300
KF-60 cm-LS-Exp-5,60,S,Clay,Plant,3,0.9,0.075762323,1,0.043602941,6800,296.5,290,300,3,300
KF-20 cm-LS-Ctr-1,20,S,Clay,No Plant,3,0.9,0.081162448,1,0.000190805,2900,166,290,300,3,300
KF-20 cm-LS-Ctr-2,20,S,Clay,No Plant,3,0.9,0.084342126,1,0.000233448,2900,203.1,290,300,3,300
KF-20 cm-LS-Ctr-3,20,S,Clay,No Plant,3,0.9,0.07753868,1,0.000212644,2900,185,290,300,3,300
KF-20 cm-LS-Ctr-4,20,S,Clay,No Plant,3,0.9,0.078497913,1,0.000192644,2900,167.6,290,300,3,300
KF-20 cm-LS-Ctr-5,20,S,Clay,No Plant,3,0.9,0.075442579,1,0.000438391,2900,381.4,290,300,3,300
KF-20 cm-LS-Exp-1,20,S,Clay,Plant,3,0.9,0.073186606,1,0.000141954,2900,123.5,290,300,3,300
KF-20 cm-LS-Exp-2,20,S,Clay,Plant,3,0.9,0.095586464,1,0.000189195,2900,164.6,290,300,3,300
KF-20 cm-LS-Exp-3,20,S,Clay,Plant,3,0.9,0.081375611,1,0.000352529,2900,306.7,290,300,3,300
KF-20 cm-LS-Exp-4,20,S,Clay,Plant,3,0.9,0.079261746,1,0.000270575,2900,235.4,290,300,3,300
KF-20 cm-LS-Exp-5,20,S,Clay,Plant,3,0.9,0.077023537,1,0.00027,2900,234.9,290,300,3,300
NK-60 cm-LS-Ctr-2,60,NA,Sand,No Plant,3,0.9,0.662244249,1,0.000265625,6400,1.7,290,300,3,300
NK-60 cm-LS-Ctr-3,60,NA,Sand,No Plant,3,0.9,0,1,0,6400,0,290,300,3,300
NK-60 cm-LS-Ctr-4,60,NA,Sand,No Plant,3,0.9,0.519212008,1,0.000203125,6400,1.3,290,300,3,300
NK-60 cm-LS-Ctr-5,60,NA,Sand,No Plant,3,0.9,0.076526157,1,0.017640625,6400,112.9,290,300,3,300
NK-60 cm-LS-Exp-2,60,NA,Sand,Plant,3,0.9,0.065015365,1,0.0116875,6400,74.8,290,300,3,300
NK-60 cm-LS-Exp-3,60,NA,Sand,Plant,3,0.9,0.064073896,1,0.0436875,6400,279.6,290,300,3,300
NK-60 cm-LS-Exp-4,60,NA,Sand,Plant,3,0.9,0.062937028,1,0.02546875,6400,163,290,300,3,300
NK-60 cm-LS-Exp-5,60,NA,Sand,Plant,3,0.9,0,1,0,6400,0,290,300,3,300
NK-20 cm-LS-Ctr-1,20,NA,Sand,No Plant,3,0.9,0.068905587,1,0.020423077,2600,53.1,290,300,3,300
NK-20 cm-LS-Ctr-2,20,NA,Sand,No Plant,3,0.9,0.080611777,1,0.030153846,2600,78.4,290,300,3,300
NK-20 cm-LS-Ctr-3,20,NA,Sand,No Plant,3,0.9,0.066702904,1,0.108269231,2600,281.5,290,300,3,300
NK-20 cm-LS-Ctr-4,20,NA,Sand,No Plant,3,0.9,0.069474021,1,0.004346154,2600,11.3,290,300,3,300
NK-20 cm-LS-Exp-1,20,NA,Sand,Plant,3,0.9,0.114469136,1,0.078307692,2600,203.6,290,300,3,300
NK-20 cm-LS-Exp-2,20,NA,Sand,Plant,3,0.9,0.081233502,1,0.100153846,2600,260.4,290,300,3,300
NK-20 cm-LS-Exp-3,20,NA,Sand,Plant,3,0.9,0.072369482,1,0.099846154,2600,259.6,290,300,3,300
NK-20 cm-LS-Exp-4,20,NA,Sand,Plant,3,0.9,0.066827249,1,0.091769231,2600,238.6,290,300,3,300
KF-60 cm-LS/SS-1,60,NS,Clay,Plant,3,0.9,0.028155964,1,0.006294118,6800,42.8,290,300,3,300
KF-60 cm-LS/SS-2,60,NS,Clay,Plant,3,0.9,0.037464073,1,0.032294118,6800,219.6,290,300,3,300
KF-60 cm-LS/SS-3,60,NS,Clay,Plant,3,0.9,1.649088203,1,0.001014706,6800,6.9,290,300,3,300
KF-60 cm-LS/SS-4,60,NS,Clay,Plant,3,0.9,0,1,1.47E-05,6800,0.1,290,300,3,300
KF-60 cm-LS/SS-5,60,NS,Clay,Plant,3,0.9,0.079403855,1,0.001058824,6800,7.2,290,300,3,300
KF-60 cm-LS-Ctr-1,60,S,Clay,No Plant,6,1.8,0.04945989,2,0.031808824,6800,80.3,290,600,3,300
KF-60 cm-LS-Ctr-2,60,S,Clay,No Plant,6,1.8,0.058678592,2,0.012647059,6800,0.1,290,600,3,300
KF-60 cm-LS-Ctr-3,60,S,Clay,No Plant,6,1.8,0.129917343,2,0.034441176,6800,25.2,290,600,3,300
KF-60 cm-LS-Ctr-5,60,S,Clay,No Plant,6,1.8,0.046967359,2,0.034823529,6800,22,290,600,3,300
KF-60 cm-LS-Exp-2,60,S,Clay,Plant,6,1.8,0.051475909,2,0.046426471,6800,134.8,290,600,3,300
KF-60 cm-LS-Exp-3,60,S,Clay,Plant,6,1.8,0.046270916,2,0.042926471,6800,57.1,290,600,3,300
KF-60 cm-LS-Exp-4,60,S,Clay,Plant,6,1.8,0.047627147,2,0.037691176,6800,96.3,290,600,3,300
KF-60 cm-LS-Exp-5,60,S,Clay,Plant,6,1.8,0.048635156,2,0.056382353,6800,86.9,290,600,3,300
KF-20 cm-LS-Ctr-1,20,S,Clay,No Plant,6,1.8,0.070646409,2,0.108034483,2900,147.3,290,600,3,300
KF-20 cm-LS-Ctr-2,20,S,Clay,No Plant,6,1.8,0.046362553,2,0.122413793,2900,151.9,290,600,3,300
KF-20 cm-LS-Ctr-3,20,S,Clay,No Plant,6,1.8,0.04810366,2,0.161827586,2900,284.3,290,600,3,300
KF-20 cm-LS-Ctr-4,20,S,Clay,No Plant,6,1.8,0.038646702,2,0.06,2900,6.4,290,600,3,300
KF-20 cm-LS-Ctr-5,20,S,Clay,No Plant,6,1.8,0.06133607,2,0.145655172,2900,41,290,600,3,300
KF-20 cm-LS-Exp-1,20,S,Clay,Plant,6,1.8,0.045941022,2,0.092068966,2900,143.5,290,600,3,300
KF-20 cm-LS-Exp-2,20,S,Clay,Plant,6,1.8,0.04216557,2,0.08437931,2900,80.1,290,600,3,300
KF-20 cm-LS-Exp-3,20,S,Clay,Plant,6,1.8,0.045776075,2,0.156103448,2900,146,290,600,3,300
KF-20 cm-LS-Exp-4,20,S,Clay,Plant,6,1.8,0.066889284,2,0.158793103,2900,225.1,290,600,3,300
KF-20 cm-LS-Exp-5,20,S,Clay,Plant,6,1.8,0.045519491,2,0.106517241,2900,74,290,600,3,300
NK-60 cm-LS-Ctr-2,60,NA,Sand,No Plant,6,1.8,0,2,0.000296875,6400,0.2,290,600,3,300
NK-60 cm-LS-Ctr-3,60,NA,Sand,No Plant,6,1.8,0,2,0,6400,0,290,600,3,300
NK-60 cm-LS-Ctr-4,60,NA,Sand,No Plant,6,1.8,0,2,0.00025,6400,0.3,290,600,3,300
NK-60 cm-LS-Ctr-5,60,NA,Sand,No Plant,6,1.8,0.048781775,2,0.026765625,6400,58.4,290,600,3,300
NK-60 cm-LS-Exp-2,60,NA,Sand,Plant,6,1.8,0.046087642,2,0.017546875,6400,37.5,290,600,3,300
NK-60 cm-LS-Exp-3,60,NA,Sand,Plant,6,1.8,0.050797793,2,0.080140625,6400,233.3,290,600,3,300
NK-60 cm-LS-Exp-4,60,NA,Sand,Plant,6,1.8,0.207240804,2,0.026109375,6400,4.1,290,600,3,300
NK-60 cm-LS-Exp-5,60,NA,Sand,Plant,6,1.8,0,2,0,6400,0,290,600,3,300
NK-20 cm-LS-Ctr-1,20,NA,Sand,No Plant,6,1.8,0.094270476,2,0.108076923,2600,227.9,290,600,3,300
NK-20 cm-LS-Ctr-2,20,NA,Sand,No Plant,6,1.8,0.057267379,2,0.042923077,2600,33.2,290,600,3,300
NK-20 cm-LS-Ctr-3,20,NA,Sand,No Plant,6,1.8,0.044987996,2,0.180192308,2600,187,290,600,3,300
NK-20 cm-LS-Ctr-4,20,NA,Sand,No Plant,6,1.8,0.0474622,2,0.038961538,2600,90,290,600,3,300
NK-20 cm-LS-Exp-1,20,NA,Sand,Plant,6,1.8,0.065991239,2,0.115153846,2600,95.8,290,600,3,300
NK-20 cm-LS-Exp-2,20,NA,Sand,Plant,6,1.8,0.08122134,2,0.102923077,2600,7.2,290,600,3,300
NK-20 cm-LS-Exp-3,20,NA,Sand,Plant,6,1.8,0.058000477,2,0.139807692,2600,103.9,290,600,3,300
NK-20 cm-LS-Exp-4,20,NA,Sand,Plant,6,1.8,0.042220552,2,0.141115385,2600,128.3,290,600,3,300
KF-60 cm-LS/SS-1,60,NS,Clay,Plant,6,1.8,0.050632846,2,0.014794118,6800,57.8,290,600,3,300
KF-60 cm-LS/SS-2,60,NS,Clay,Plant,6,1.8,0.050852776,2,0.053058824,6800,141.2,290,600,3,300
KF-60 cm-LS/SS-3,60,NS,Clay,Plant,6,1.8,1.480768225,2,0.001985294,6800,6.6,290,600,3,300
KF-60 cm-LS/SS-4,60,NS,Clay,Plant,6,1.8,0,2,2.94E-05,6800,0.1,290,600,3,300
KF-60 cm-LS/SS-5,60,NS,Clay,Plant,6,1.8,0.102316222,2,0.001985294,6800,6.3,290,600,3,300
KF-60 cm-LS-Ctr-1,60,S,Clay,No Plant,9,2.7,0.094126376,3,0.031882353,6800,0.5,290,900,3,300
KF-60 cm-LS-Ctr-2,60,S,Clay,No Plant,9,2.7,0,3,0.012647059,6800,0,290,900,3,300
KF-60 cm-LS-Ctr-3,60,S,Clay,No Plant,9,2.7,0.242625384,3,0.034485294,6800,0.3,290,900,3,300
KF-60 cm-LS-Ctr-5,60,S,Clay,No Plant,9,2.7,0.016862855,3,0.038161765,6800,22.7,290,900,3,300
KF-60 cm-LS-Exp-2,60,S,Clay,Plant,9,2.7,0.199446528,3,0.046647059,6800,1.5,290,900,3,300
KF-60 cm-LS-Exp-3,60,S,Clay,Plant,9,2.7,0.041287826,3,0.04525,6800,15.8,290,900,3,300
KF-60 cm-LS-Exp-4,60,S,Clay,Plant,9,2.7,0.038259771,3,0.038191176,6800,3.4,290,900,3,300
KF-60 cm-LS-Exp-5,60,S,Clay,Plant,9,2.7,0.257073816,3,0.056588235,6800,1.4,290,900,3,300
KF-20 cm-LS-Ctr-1,20,S,Clay,No Plant,9,2.7,0.016140935,3,0.124172414,2900,46.8,290,900,3,300
KF-20 cm-LS-Ctr-2,20,S,Clay,No Plant,9,2.7,0.016341468,3,0.138655172,2900,47.1,290,900,3,300
KF-20 cm-LS-Ctr-3,20,S,Clay,No Plant,9,2.7,0.175847755,3,0.194310345,2900,94.2,290,900,3,300
KF-20 cm-LS-Ctr-4,20,S,Clay,No Plant,9,2.7,0.02097379,3,0.060206897,2900,0.6,290,900,3,300
KF-20 cm-LS-Ctr-5,20,S,Clay,No Plant,9,2.7,0.016662322,3,0.164137931,2900,53.6,290,900,3,300
KF-20 cm-LS-Exp-1,20,S,Clay,Plant,9,2.7,0.232654862,3,0.092310345,2900,0.7,290,900,3,300
KF-20 cm-LS-Exp-2,20,S,Clay,Plant,9,2.7,0.072629194,3,0.084862069,2900,1.4,290,900,3,300
KF-20 cm-LS-Exp-3,20,S,Clay,Plant,9,2.7,0.194096296,3,0.156344828,2900,0.7,290,900,3,300
KF-20 cm-LS-Exp-4,20,S,Clay,Plant,9,2.7,0.02001123,3,0.172965517,2900,41.1,290,900,3,300
KF-20 cm-LS-Exp-5,20,S,Clay,Plant,9,2.7,0.029997794,3,0.132,2900,73.9,290,900,3,300
NK-60 cm-LS-Ctr-2,60,NA,Sand,No Plant,9,2.7,0.077040929,3,0.000484375,6400,1.2,290,900,3,300
NK-60 cm-LS-Ctr-3,60,NA,Sand,No Plant,9,2.7,0,3,0,6400,0,290,900,3,300
NK-60 cm-LS-Ctr-4,60,NA,Sand,No Plant,9,2.7,0.238815249,3,0.000359375,6400,0.7,290,900,3,300
NK-60 cm-LS-Ctr-5,60,NA,Sand,No Plant,9,2.7,0.024162272,3,0.041609375,6400,95,290,900,3,300
NK-60 cm-LS-Exp-2,60,NA,Sand,Plant,9,2.7,0.069723464,3,0.017921875,6400,2.4,290,900,3,300
NK-60 cm-LS-Exp-3,60,NA,Sand,Plant,9,2.7,0.018928349,3,0.086671875,6400,41.8,290,900,3,300
NK-60 cm-LS-Exp-4,60,NA,Sand,Plant,9,2.7,0.216756572,3,0.0261875,6400,0.5,290,900,3,300
NK-60 cm-LS-Exp-5,60,NA,Sand,Plant,9,2.7,0.19651874,3,0.000140625,6400,0.9,290,900,3,300
NK-20 cm-LS-Ctr-1,20,NA,Sand,No Plant,9,2.7,0.031381475,3,0.1545,2600,120.7,290,900,3,300
NK-20 cm-LS-Ctr-2,20,NA,Sand,No Plant,9,2.7,0,3,0.043,2600,0.2,290,900,3,300
NK-20 cm-LS-Ctr-3,20,NA,Sand,No Plant,9,2.7,0.018607496,3,0.213730769,2600,87.2,290,900,3,300
NK-20 cm-LS-Ctr-4,20,NA,Sand,No Plant,9,2.7,0.017745202,3,0.041153846,2600,5.7,290,900,3,300
NK-20 cm-LS-Exp-1,20,NA,Sand,Plant,9,2.7,0.040626065,3,0.166807692,2600,134.3,290,900,3,300
NK-20 cm-LS-Exp-2,20,NA,Sand,Plant,9,2.7,0.029275874,3,0.132461538,2600,76.8,290,900,3,300
NK-20 cm-LS-Exp-3,20,NA,Sand,Plant,9,2.7,0.016902962,3,0.179576923,2600,103.4,290,900,3,300
NK-20 cm-LS-Exp-4,20,NA,Sand,Plant,9,2.7,0.021535284,3,0.149423077,2600,21.6,290,900,3,300
KF-60 cm-LS/SS-1,60,NS,Clay,Plant,9,2.7,0.020592777,3,0.018397059,6800,24.5,290,900,3,300
KF-60 cm-LS/SS-2,60,NS,Clay,Plant,9,2.7,0.017364189,3,0.063455882,6800,70.7,290,900,3,300
KF-60 cm-LS/SS-3,60,NS,Clay,Plant,9,2.7,0.329953677,3,0.002014706,6800,0.2,290,900,3,300
KF-60 cm-LS/SS-4,60,NS,Clay,Plant,9,2.7,1.249359296,3,8.82E-05,6800,0.4,290,900,3,300
KF-60 cm-LS/SS-5,60,NS,Clay,Plant,9,2.7,0,3,0.001985294,6800,0,290,900,3,300
KF-60 cm-LS-Ctr-1,60,S,Clay,No Plant,12,3.6,0.014857629,4,0.036441176,6800,31,290,1200,3,300
KF-60 cm-LS-Ctr-2,60,S,Clay,No Plant,12,3.6,0.017456172,4,0.012647059,6800,0,290,1200,3,300
KF-60 cm-LS-Ctr-3,60,S,Clay,No Plant,12,3.6,0,4,0.034485294,6800,0,290,1200,3,300
KF-60 cm-LS-Ctr-5,60,S,Clay,No Plant,12,3.6,0.051786224,4,0.048426471,6800,69.8,290,1200,3,300
KF-60 cm-LS-Exp-2,60,S,Clay,Plant,12,3.6,0,4,0.051926471,6800,35.9,290,1200,3,300
KF-60 cm-LS-Exp-3,60,S,Clay,Plant,12,3.6,0.014491637,4,0.055058824,6800,66.7,290,1200,3,300
KF-60 cm-LS-Exp-4,60,S,Clay,Plant,12,3.6,0,4,0.041529412,6800,22.7,290,1200,3,300
KF-60 cm-LS-Exp-5,60,S,Clay,Plant,12,3.6,0.026002086,4,0.060470588,6800,26.4,290,1200,3,300
KF-20 cm-LS-Ctr-1,20,S,Clay,No Plant,12,3.6,0.013064268,4,0.150413793,2900,76.1,290,1200,3,300
KF-20 cm-LS-Ctr-2,20,S,Clay,No Plant,12,3.6,0.017657468,4,0.161448276,2900,66.1,290,1200,3,300
KF-20 cm-LS-Ctr-3,20,S,Clay,No Plant,12,3.6,0.014235443,4,0.224137931,2900,86.5,290,1200,3,300
KF-20 cm-LS-Ctr-4,20,S,Clay,No Plant,12,3.6,0,4,0.060310345,2900,0.3,290,1200,3,300
KF-20 cm-LS-Ctr-5,20,S,Clay,No Plant,12,3.6,0.015900706,4,0.186896552,2900,66,290,1200,3,300
KF-20 cm-LS-Exp-1,20,S,Clay,Plant,12,3.6,0,4,0.092310345,2900,0,290,1200,3,300
KF-20 cm-LS-Exp-2,20,S,Clay,Plant,12,3.6,0,4,0.085034483,2900,0.5,290,1200,3,300
KF-20 cm-LS-Exp-3,20,S,Clay,Plant,12,3.6,0,4,0.156344828,2900,0,290,1200,3,300
KF-20 cm-LS-Exp-4,20,S,Clay,Plant,12,3.6,0.021445485,4,0.220517241,2900,137.9,290,1200,3,300
KF-20 cm-LS-Exp-5,20,S,Clay,Plant,12,3.6,0.025599495,4,0.163586207,2900,91.6,290,1200,3,300
NK-60 cm-LS-Ctr-2,60,NA,Sand,No Plant,12,3.6,0.012588479,4,0.0005,6400,0.1,290,1200,3,300
NK-60 cm-LS-Ctr-3,60,NA,Sand,No Plant,12,3.6,0,4,0,6400,0,290,1200,3,300
NK-60 cm-LS-Ctr-4,60,NA,Sand,No Plant,12,3.6,0,4,0.00040625,6400,0.3,290,1200,3,300
NK-60 cm-LS-Ctr-5,60,NA,Sand,No Plant,12,3.6,0,4,0.052484375,6400,69.6,290,1200,3,300
NK-60 cm-LS-Exp-2,60,NA,Sand,Plant,12,3.6,0,4,0.01796875,6400,0.3,290,1200,3,300
NK-60 cm-LS-Exp-3,60,NA,Sand,Plant,12,3.6,0.014729532,4,0.0923125,6400,36.1,290,1200,3,300
NK-60 cm-LS-Exp-4,60,NA,Sand,Plant,12,3.6,0.015333419,4,0.027296875,6400,7.1,290,1200,3,300
NK-60 cm-LS-Exp-5,60,NA,Sand,Plant,12,3.6,0,4,0.00015625,6400,0.1,290,1200,3,300
NK-20 cm-LS-Ctr-1,20,NA,Sand,No Plant,12,3.6,0.02031091,4,0.210538462,2600,145.7,290,1200,3,300
NK-20 cm-LS-Ctr-2,20,NA,Sand,No Plant,12,3.6,0,4,0.043,2600,0,290,1200,3,300
NK-20 cm-LS-Ctr-3,20,NA,Sand,No Plant,12,3.6,0.012936171,4,0.216653846,2600,7.6,290,1200,3,300
NK-20 cm-LS-Ctr-4,20,NA,Sand,No Plant,12,3.6,0.012606778,4,0.045423077,2600,11.1,290,1200,3,300
NK-20 cm-LS-Exp-1,20,NA,Sand,Plant,12,3.6,0.035298283,4,0.205076923,2600,99.5,290,1200,3,300
NK-20 cm-LS-Exp-2,20,NA,Sand,Plant,12,3.6,0.013540058,4,0.172807692,2600,104.9,290,1200,3,300
NK-20 cm-LS-Exp-3,20,NA,Sand,Plant,12,3.6,0.017273176,4,0.195923077,2600,42.5,290,1200,3,300
NK-20 cm-LS-Exp-4,20,NA,Sand,Plant,12,3.6,0.024757713,4,0.153807692,2600,11.4,290,1200,3,300
KF-60 cm-LS/SS-1,60,NS,Clay,Plant,12,3.6,0.01390605,4,0.023323529,6800,33.5,290,1200,3,300
KF-60 cm-LS/SS-2,60,NS,Clay,Plant,12,3.6,0.013247264,4,0.072941176,6800,64.5,290,1200,3,300
KF-60 cm-LS/SS-3,60,NS,Clay,Plant,12,3.6,0,4,0.002014706,6800,0,290,1200,3,300
KF-60 cm-LS/SS-4,60,NS,Clay,Plant,12,3.6,0,4,8.82E-05,6800,0,290,1200,3,300
KF-60 cm-LS/SS-5,60,NS,Clay,Plant,12,3.6,0,4,0.002,6800,0.1,290,1200,3,300
KF-60 cm-LS-Ctr-1,60,S,Clay,No Plant,15,4.5,0,5,0.03675,6800,2.1,290,1500,3,300
KF-60 cm-LS-Ctr-2,60,S,Clay,No Plant,15,4.5,0,5,0.012647059,6800,0,290,1500,3,300
KF-60 cm-LS-Ctr-3,60,S,Clay,No Plant,15,4.5,0,5,0.034485294,6800,0,290,1500,3,300
KF-60 cm-LS-Ctr-5,60,S,Clay,No Plant,15,4.5,0.014473337,5,0.059161765,6800,73,290,1500,3,300
KF-60 cm-LS-Exp-2,60,S,Clay,Plant,15,4.5,0.059453757,5,0.052132353,6800,1.4,290,1500,3,300
KF-60 cm-LS-Exp-3,60,S,Clay,Plant,15,4.5,0,5,0.059264706,6800,28.6,290,1500,3,300
KF-60 cm-LS-Exp-4,60,S,Clay,Plant,15,4.5,0.233609413,5,0.041647059,6800,0.8,290,1500,3,300
KF-60 cm-LS-Exp-5,60,S,Clay,Plant,15,4.5,0.031289024,5,0.060602941,6800,0.9,290,1500,3,300
KF-20 cm-LS-Ctr-1,20,S,Clay,No Plant,15,4.5,0,5,0.171413793,2900,60.9,290,1500,3,300
KF-20 cm-LS-Ctr-2,20,S,Clay,No Plant,15,4.5,0.01297277,5,0.166689655,2900,15.2,290,1500,3,300
KF-20 cm-LS-Ctr-3,20,S,Clay,No Plant,15,4.5,0.018865242,5,0.245068966,2900,60.7,290,1500,3,300
KF-20 cm-LS-Ctr-4,20,S,Clay,No Plant,15,4.5,0,5,0.060413793,2900,0.3,290,1500,3,300
KF-20 cm-LS-Ctr-5,20,S,Clay,No Plant,15,4.5,0.015388318,5,0.210344828,2900,68,290,1500,3,300
KF-20 cm-LS-Exp-1,20,S,Clay,Plant,15,4.5,0,5,0.092344828,2900,0.1,290,1500,3,300
KF-20 cm-LS-Exp-2,20,S,Clay,Plant,15,4.5,0.030942978,5,0.085137931,2900,0.3,290,1500,3,300
KF-20 cm-LS-Exp-3,20,S,Clay,Plant,15,4.5,0.065961827,5,0.156413793,2900,0.2,290,1500,3,300
KF-20 cm-LS-Exp-4,20,S,Clay,Plant,15,4.5,0,5,0.243034483,2900,65.3,290,1500,3,300
KF-20 cm-LS-Exp-5,20,S,Clay,Plant,15,4.5,0.01299107,5,0.180344828,2900,48.6,290,1500,3,300
NK-60 cm-LS-Ctr-2,60,NA,Sand,No Plant,15,4.5,0.01802346,5,0.0005,6400,0,290,1500,3,300
NK-60 cm-LS-Ctr-3,60,NA,Sand,No Plant,15,4.5,0,5,0,6400,0,290,1500,3,300
NK-60 cm-LS-Ctr-4,60,NA,Sand,No Plant,15,4.5,0,5,0.000453125,6400,0.3,290,1500,3,300
NK-60 cm-LS-Ctr-5,60,NA,Sand,No Plant,15,4.5,0.011563701,5,0.05890625,6400,41.1,290,1500,3,300
NK-60 cm-LS-Exp-2,60,NA,Sand,Plant,15,4.5,0,5,0.017984375,6400,0.1,290,1500,3,300
NK-60 cm-LS-Exp-3,60,NA,Sand,Plant,15,4.5,0.012423782,5,0.09665625,6400,27.8,290,1500,3,300
NK-60 cm-LS-Exp-4,60,NA,Sand,Plant,15,4.5,0.074219888,5,0.027515625,6400,1.4,290,1500,3,300
NK-60 cm-LS-Exp-5,60,NA,Sand,Plant,15,4.5,0,5,0.00015625,6400,0,290,1500,3,300
NK-20 cm-LS-Ctr-1,20,NA,Sand,No Plant,15,4.5,0,5,0.267192308,2600,147.3,290,1500,3,300
NK-20 cm-LS-Ctr-2,20,NA,Sand,No Plant,15,4.5,0,5,0.043,2600,0,290,1500,3,300
NK-20 cm-LS-Ctr-3,20,NA,Sand,No Plant,15,4.5,0.012002891,5,0.222923077,2600,16.3,290,1500,3,300
NK-20 cm-LS-Ctr-4,20,NA,Sand,No Plant,15,4.5,0,5,0.045807692,2600,1,290,1500,3,300
NK-20 cm-LS-Exp-1,20,NA,Sand,Plant,15,4.5,0.026002086,5,0.221,2600,41.4,290,1500,3,300
NK-20 cm-LS-Exp-2,20,NA,Sand,Plant,15,4.5,0.016047103,5,0.1945,2600,56.4,290,1500,3,300
NK-20 cm-LS-Exp-3,20,NA,Sand,Plant,15,4.5,0.013631556,5,0.199653846,2600,9.7,290,1500,3,300
NK-20 cm-LS-Exp-4,20,NA,Sand,Plant,15,4.5,0.2180381,5,0.154307692,2600,1.3,290,1500,3,300
KF-60 cm-LS/SS-1,60,NS,Clay,Plant,15,4.5,0.011545401,5,0.031823529,6800,57.8,290,1500,3,300
KF-60 cm-LS/SS-2,60,NS,Clay,Plant,15,4.5,0,5,0.074323529,6800,9.4,290,1500,3,300
KF-60 cm-LS/SS-3,60,NS,Clay,Plant,15,4.5,0,5,0.002029412,6800,0.1,290,1500,3,300
KF-60 cm-LS/SS-4,60,NS,Clay,Plant,15,4.5,0,5,8.82E-05,6800,0,290,1500,3,300
KF-60 cm-LS/SS-5,60,NS,Clay,Plant,15,4.5,0,5,0.002014706,6800,0.1,290,1500,3,300
KF-60 cm-LS-Ctr-1,60,S,Clay,No Plant,18,5.4,0,6,0.041647059,6800,33.3,290,1800,3,300
KF-60 cm-LS-Ctr-2,60,S,Clay,No Plant,18,5.4,0,6,0.012647059,6800,-0.1,290,1800,3,300
KF-60 cm-LS-Ctr-3,60,S,Clay,No Plant,18,5.4,0,6,0.034485294,6800,-0.2,290,1800,3,300
KF-60 cm-LS-Ctr-5,60,S,Clay,No Plant,18,5.4,0.013283863,6,0.079720588,6800,139.8,290,1800,3,300
KF-60 cm-LS-Exp-2,60,S,Clay,Plant,18,5.4,0,6,0.052147059,6800,0.1,290,1800,3,300
KF-60 cm-LS-Exp-3,60,S,Clay,Plant,18,5.4,0.014912528,6,0.071308824,6800,81.9,290,1800,3,300
KF-60 cm-LS-Exp-4,60,S,Clay,Plant,18,5.4,0,6,0.041661765,6800,0.1,290,1800,3,300
KF-60 cm-LS-Exp-5,60,S,Clay,Plant,18,5.4,0.016028804,6,0.061632353,6800,7,290,1800,3,300
KF-20 cm-LS-Ctr-1,20,S,Clay,No Plant,18,5.4,0,6,0.205586207,2900,99.1,290,1800,3,300
KF-20 cm-LS-Ctr-2,20,S,Clay,No Plant,18,5.4,0,6,0.187689655,2900,60.9,290,1800,3,300
KF-20 cm-LS-Ctr-3,20,S,Clay,No Plant,18,5.4,0,6,0.288137931,2900,124.9,290,1800,3,300
KF-20 cm-LS-Ctr-4,20,S,Clay,No Plant,18,5.4,0,6,0.060517241,2900,0.3,290,1800,3,300
KF-20 cm-LS-Ctr-5,20,S,Clay,No Plant,18,5.4,0,6,0.235103448,2900,71.8,290,1800,3,300
KF-20 cm-LS-Exp-1,20,S,Clay,Plant,18,5.4,0,6,0.092344828,2900,0,290,1800,3,300
KF-20 cm-LS-Exp-2,20,S,Clay,Plant,18,5.4,0,6,0.085137931,2900,0,290,1800,3,300
KF-20 cm-LS-Exp-3,20,S,Clay,Plant,18,5.4,0,6,0.156448276,2900,0.1,290,1800,3,300
KF-20 cm-LS-Exp-4,20,S,Clay,Plant,18,5.4,0,6,0.270310345,2900,79.1,290,1800,3,300
KF-20 cm-LS-Exp-5,20,S,Clay,Plant,18,5.4,0,6,0.200275862,2900,57.8,290,1800,3,300
NK-60 cm-LS-Ctr-2,60,NA,Sand,No Plant,18,5.4,0,6,0.0005,6400,0,290,1800,3,300
NK-60 cm-LS-Ctr-3,60,NA,Sand,No Plant,18,5.4,0,6,0,6400,0,290,1800,3,300
NK-60 cm-LS-Ctr-4,60,NA,Sand,No Plant,18,5.4,0,6,0.000484375,6400,0.2,290,1800,3,300
NK-60 cm-LS-Ctr-5,60,NA,Sand,No Plant,18,5.4,0,6,0.066796875,6400,50.5,290,1800,3,300
NK-60 cm-LS-Exp-2,60,NA,Sand,Plant,18,5.4,0,6,0.017984375,6400,0,290,1800,3,300
NK-60 cm-LS-Exp-3,60,NA,Sand,Plant,18,5.4,0.016431395,6,0.100078125,6400,21.9,290,1800,3,300
NK-60 cm-LS-Exp-4,60,NA,Sand,Plant,18,5.4,0.017401274,6,0.027546875,6400,0.2,290,1800,3,300
NK-60 cm-LS-Exp-5,60,NA,Sand,Plant,18,5.4,0,6,0.000140625,6400,-0.1,290,1800,3,300
NK-20 cm-LS-Ctr-1,20,NA,Sand,No Plant,18,5.4,0.017291476,6,0.320538462,2600,138.7,290,1800,3,300
NK-20 cm-LS-Ctr-2,20,NA,Sand,No Plant,18,5.4,0,6,0.043,2600,-0.1,290,1800,3,300
NK-20 cm-LS-Ctr-3,20,NA,Sand,No Plant,18,5.4,0.016779087,6,0.241576923,2600,48.5,290,1800,3,300
NK-20 cm-LS-Ctr-4,20,NA,Sand,No Plant,18,5.4,0,6,0.045807692,2600,-0.2,290,1800,3,300
NK-20 cm-LS-Exp-1,20,NA,Sand,Plant,18,5.4,0.051420232,6,0.244692308,2600,61.6,290,1800,3,300
NK-20 cm-LS-Exp-2,20,NA,Sand,Plant,18,5.4,0.021628481,6,0.219961538,2600,66.2,290,1800,3,300
NK-20 cm-LS-Exp-3,20,NA,Sand,Plant,18,5.4,0.017364674,6,0.213615385,2600,36.3,290,1800,3,300
NK-20 cm-LS-Exp-4,20,NA,Sand,Plant,18,5.4,0,6,0.1545,2600,0.5,290,1800,3,300
KF-60 cm-LS/SS-1,60,NS,Clay,Plant,18,5.4,0.01344856,6,0.038941176,6800,48.4,290,1800,3,300
KF-60 cm-LS/SS-2,60,NS,Clay,Plant,18,5.4,0.014894228,6,0.074720588,6800,2.7,290,1800,3,300
KF-60 cm-LS/SS-3,60,NS,Clay,Plant,18,5.4,0,6,0.002014706,6800,-0.1,290,1800,3,300
KF-60 cm-LS/SS-4,60,NS,Clay,Plant,18,5.4,0,6,8.82E-05,6800,0,290,1800,3,300
KF-60 cm-LS/SS-5,60,NS,Clay,Plant,18,5.4,0,6,0.002044118,6800,0.2,290,1800,3,300
KF-60 cm-LS-Ctr-1,60,S,Clay,No Plant,21,6.3,0,7,0.050867647,6800,62.7,290,2100,3,300
KF-60 cm-LS-Ctr-2,60,S,Clay,No Plant,21,6.3,0,7,0.012647059,6800,0,290,2100,3,300
KF-60 cm-LS-Ctr-3,60,S,Clay,No Plant,21,6.3,0,7,0.034485294,6800,0,290,2100,3,300
KF-60 cm-LS-Ctr-5,60,S,Clay,No Plant,21,6.3,0.013027669,7,0.091161765,6800,77.8,290,2100,3,300
KF-60 cm-LS-Exp-2,60,S,Clay,Plant,21,6.3,0,7,0.052161765,6800,0.1,290,2100,3,300
KF-60 cm-LS-Exp-3,60,S,Clay,Plant,21,6.3,0.015845808,7,0.07475,6800,23.4,290,2100,3,300
KF-60 cm-LS-Exp-4,60,S,Clay,Plant,21,6.3,0.013466859,7,0.041676471,6800,0.1,290,2100,3,300
KF-60 cm-LS-Exp-5,60,S,Clay,Plant,21,6.3,0,7,0.061691176,6800,0.4,290,2100,3,300
KF-20 cm-LS-Ctr-1,20,S,Clay,No Plant,21,6.3,0.012771475,7,0.235724138,2900,87.4,290,2100,3,300
KF-20 cm-LS-Ctr-2,20,S,Clay,No Plant,21,6.3,0.01251528,7,0.215275862,2900,80,290,2100,3,300
KF-20 cm-LS-Ctr-3,20,S,Clay,No Plant,21,6.3,0.013247264,7,0.323655172,2900,103,290,2100,3,300
KF-20 cm-LS-Ctr-4,20,S,Clay,No Plant,21,6.3,0,7,0.06062069,2900,0.3,290,2100,3,300
KF-20 cm-LS-Ctr-5,20,S,Clay,No Plant,21,6.3,0.014509937,7,0.269793103,2900,100.6,290,2100,3,300
KF-20 cm-LS-Exp-1,20,S,Clay,Plant,21,6.3,0,7,0.099586207,2900,21,290,2100,3,300
KF-20 cm-LS-Exp-2,20,S,Clay,Plant,21,6.3,0,7,0.085137931,2900,0,290,2100,3,300
KF-20 cm-LS-Exp-3,20,S,Clay,Plant,21,6.3,0,7,0.156482759,2900,0.1,290,2100,3,300
KF-20 cm-LS-Exp-4,20,S,Clay,Plant,21,6.3,0,7,0.305034483,2900,100.7,290,2100,3,300
KF-20 cm-LS-Exp-5,20,S,Clay,Plant,21,6.3,0.01710848,7,0.21762069,2900,50.3,290,2100,3,300
NK-60 cm-LS-Ctr-2,60,NA,Sand,No Plant,21,6.3,0,7,0.000515625,6400,0.1,290,2100,3,300
NK-60 cm-LS-Ctr-3,60,NA,Sand,No Plant,21,6.3,0,7,0,6400,0,290,2100,3,300
NK-60 cm-LS-Ctr-4,60,NA,Sand,No Plant,21,6.3,0.366081872,7,0.001203125,6400,4.6,290,2100,3,300
NK-60 cm-LS-Ctr-5,60,NA,Sand,No Plant,21,6.3,0.013960949,7,0.071359375,6400,29.2,290,2100,3,300
NK-60 cm-LS-Exp-2,60,NA,Sand,Plant,21,6.3,0,7,0.017984375,6400,0,290,2100,3,300
NK-60 cm-LS-Exp-3,60,NA,Sand,Plant,21,6.3,0.019231234,7,0.10175,6400,10.7,290,2100,3,300
NK-60 cm-LS-Exp-4,60,NA,Sand,Plant,21,6.3,0,7,0.0275625,6400,0.1,290,2100,3,300
NK-60 cm-LS-Exp-5,60,NA,Sand,Plant,21,6.3,0,7,0.000140625,6400,0,290,2100,3,300
NK-20 cm-LS-Ctr-1,20,NA,Sand,No Plant,21,6.3,0.157997109,7,0.373076923,2600,136.6,290,2100,3,300
NK-20 cm-LS-Ctr-2,20,NA,Sand,No Plant,21,6.3,0,7,0.043,2600,0,290,2100,3,300
NK-20 cm-LS-Ctr-3,20,NA,Sand,No Plant,21,6.3,0.02675237,7,0.245230769,2600,9.5,290,2100,3,300
NK-20 cm-LS-Ctr-4,20,NA,Sand,No Plant,21,6.3,0,7,0.045807692,2600,-0.2,290,2100,3,300
NK-20 cm-LS-Exp-1,20,NA,Sand,Plant,21,6.3,0.174375252,7,0.246730769,2600,5.3,290,2100,3,300
NK-20 cm-LS-Exp-2,20,NA,Sand,Plant,21,6.3,0.01482103,7,0.244307692,2600,63.3,290,2100,3,300
NK-20 cm-LS-Exp-3,20,NA,Sand,Plant,21,6.3,0.085073198,7,0.214384615,2600,2,290,2100,3,300
NK-20 cm-LS-Exp-4,20,NA,Sand,Plant,21,6.3,0,7,0.154653846,2600,0.4,290,2100,3,300
KF-60 cm-LS/SS-1,60,NS,Clay,Plant,21,6.3,0.020127914,7,0.039441176,6800,3.4,290,2100,3,300
KF-60 cm-LS/SS-2,60,NS,Clay,Plant,21,6.3,0.05061505,7,0.075308824,6800,4,290,2100,3,300
KF-60 cm-LS/SS-3,60,NS,Clay,Plant,21,6.3,0,7,0.002029412,6800,0.1,290,2100,3,300
KF-60 cm-LS/SS-4,60,NS,Clay,Plant,21,6.3,0,7,0.000102941,6800,0.1,290,2100,3,300
KF-60 cm-LS/SS-5,60,NS,Clay,Plant,21,6.3,0,7,0.002058824,6800,0.1,290,2100,3,300
KF-60 cm-LS-Ctr-1,60,S,Clay,No Plant,24,7.2,0.014253742,8,0.055867647,6800,34,290,2400,3,300
KF-60 cm-LS-Ctr-2,60,S,Clay,No Plant,24,7.2,0,8,0.012647059,6800,0,290,2400,3,300
KF-60 cm-LS-Ctr-3,60,S,Clay,No Plant,24,7.2,0,8,0.034485294,6800,0,290,2400,3,300
KF-60 cm-LS-Ctr-5,60,S,Clay,No Plant,24,7.2,0.014638034,8,0.100132353,6800,61,290,2400,3,300
KF-60 cm-LS-Exp-2,60,S,Clay,Plant,24,7.2,0,8,0.052161765,6800,0,290,2400,3,300
KF-60 cm-LS-Exp-3,60,S,Clay,Plant,24,7.2,3.425901621,8,0.074838235,6800,0.6,290,2400,3,300
KF-60 cm-LS-Exp-4,60,S,Clay,Plant,24,7.2,0,8,0.041676471,6800,0,290,2400,3,300
KF-60 cm-LS-Exp-5,60,S,Clay,Plant,24,7.2,0,8,0.061691176,6800,-0.1,290,2400,3,300
KF-20 cm-LS-Ctr-1,20,S,Clay,No Plant,24,7.2,0.01434524,8,0.258758621,2900,66.8,290,2400,3,300
KF-20 cm-LS-Ctr-2,20,S,Clay,No Plant,24,7.2,0,8,0.22162069,2900,18.4,290,2400,3,300
KF-20 cm-LS-Ctr-3,20,S,Clay,No Plant,24,7.2,0,8,0.345241379,2900,62.6,290,2400,3,300
KF-20 cm-LS-Ctr-4,20,S,Clay,No Plant,24,7.2,0,8,0.060724138,2900,0.3,290,2400,3,300
KF-20 cm-LS-Ctr-5,20,S,Clay,No Plant,24,7.2,0.014180544,8,0.282068966,2900,35.6,290,2400,3,300
KF-20 cm-LS-Exp-1,20,S,Clay,Plant,24,7.2,0.020219412,8,0.113310345,2900,39.8,290,2400,3,300
KF-20 cm-LS-Exp-2,20,S,Clay,Plant,24,7.2,0,8,0.085137931,2900,-0.2,290,2400,3,300
KF-20 cm-LS-Exp-3,20,S,Clay,Plant,24,7.2,0,8,0.156517241,2900,0.1,290,2400,3,300
KF-20 cm-LS-Exp-4,20,S,Clay,Plant,24,7.2,0.013100867,8,0.312310345,2900,21.1,290,2400,3,300
KF-20 cm-LS-Exp-5,20,S,Clay,Plant,24,7.2,0.015607913,8,0.226689655,2900,26.3,290,2400,3,300
NK-60 cm-LS-Ctr-2,60,NA,Sand,No Plant,24,7.2,0,8,0.000515625,6400,0,290,2400,3,300
NK-60 cm-LS-Ctr-3,60,NA,Sand,No Plant,24,7.2,0,8,0,6400,0,290,2400,3,300
NK-60 cm-LS-Ctr-4,60,NA,Sand,No Plant,24,7.2,0,8,0.001296875,6400,0.6,290,2400,3,300
NK-60 cm-LS-Ctr-5,60,NA,Sand,No Plant,24,7.2,0,8,0.08446875,6400,83.9,290,2400,3,300
NK-60 cm-LS-Exp-2,60,NA,Sand,Plant,24,7.2,0,8,0.017984375,6400,0,290,2400,3,300
NK-60 cm-LS-Exp-3,60,NA,Sand,Plant,24,7.2,0,8,0.101828125,6400,0.5,290,2400,3,300
NK-60 cm-LS-Exp-4,60,NA,Sand,Plant,24,7.2,0.013960949,8,0.0275625,6400,-0.1,290,2400,3,300
NK-60 cm-LS-Exp-5,60,NA,Sand,Plant,24,7.2,0,8,0.000140625,6400,0,290,2400,3,300
NK-20 cm-LS-Ctr-1,20,NA,Sand,No Plant,24,7.2,0.227133002,8,0.411961538,2600,101.1,290,2400,3,300
NK-20 cm-LS-Ctr-2,20,NA,Sand,No Plant,24,7.2,0,8,0.043,2600,-0.1,290,2400,3,300
NK-20 cm-LS-Ctr-3,20,NA,Sand,No Plant,24,7.2,0,8,0.245384615,2600,0.4,290,2400,3,300
NK-20 cm-LS-Ctr-4,20,NA,Sand,No Plant,24,7.2,0,8,0.045807692,2600,-0.3,290,2400,3,300
NK-20 cm-LS-Exp-1,20,NA,Sand,Plant,24,7.2,0.043147165,8,0.247,2600,0.7,290,2400,3,300
NK-20 cm-LS-Exp-2,20,NA,Sand,Plant,24,7.2,0.035461333,8,0.244576923,2600,0.7,290,2400,3,300
NK-20 cm-LS-Exp-3,20,NA,Sand,Plant,24,7.2,0,8,0.214615385,2600,0.6,290,2400,3,300
NK-20 cm-LS-Exp-4,20,NA,Sand,Plant,24,7.2,0,8,0.154692308,2600,0.1,290,2400,3,300
KF-60 cm-LS/SS-1,60,NS,Clay,Plant,24,7.2,0,8,0.0395,6800,0.4,290,2400,3,300
KF-60 cm-LS/SS-2,60,NS,Clay,Plant,24,7.2,0,8,0.075367647,6800,0.4,290,2400,3,300
KF-60 cm-LS/SS-3,60,NS,Clay,Plant,24,7.2,0,8,0.002044118,6800,0.1,290,2400,3,300
KF-60 cm-LS/SS-4,60,NS,Clay,Plant,24,7.2,0,8,0.000117647,6800,0.1,290,2400,3,300
KF-60 cm-LS/SS-5,60,NS,Clay,Plant,24,7.2,0,8,0.002073529,6800,0.1,290,2400,3,300
KF-60 cm-LS-Ctr-1,60,S,Clay,No Plant,27,8.1,0.019288911,9,0.060617647,6800,32.3,290,2700,3,300
KF-60 cm-LS-Ctr-2,60,S,Clay,No Plant,27,8.1,0,9,0.012647059,6800,-0.1,290,2700,3,300
KF-60 cm-LS-Ctr-3,60,S,Clay,No Plant,27,8.1,0,9,0.0345,6800,0.1,290,2700,3,300
KF-60 cm-LS-Ctr-5,60,S,Clay,No Plant,27,8.1,0,9,0.107132353,6800,47.6,290,2700,3,300
KF-60 cm-LS-Exp-2,60,S,Clay,Plant,27,8.1,0.099695903,9,0.052191176,6800,0.2,290,2700,3,300
KF-60 cm-LS-Exp-3,60,S,Clay,Plant,27,8.1,0,9,0.074897059,6800,0.4,290,2700,3,300
KF-60 cm-LS-Exp-4,60,S,Clay,Plant,27,8.1,0,9,0.041705882,6800,0.2,290,2700,3,300
KF-60 cm-LS-Exp-5,60,S,Clay,Plant,27,8.1,0,9,0.061705882,6800,0.1,290,2700,3,300
KF-20 cm-LS-Ctr-1,20,S,Clay,No Plant,27,8.1,0.032772444,9,0.28337931,2900,71.4,290,2700,3,300
KF-20 cm-LS-Ctr-2,20,S,Clay,No Plant,27,8.1,0,9,0.238103448,2900,47.8,290,2700,3,300
KF-20 cm-LS-Ctr-3,20,S,Clay,No Plant,27,8.1,0,9,0.371,2900,74.7,290,2700,3,300
KF-20 cm-LS-Ctr-4,20,S,Clay,No Plant,27,8.1,0,9,0.060793103,2900,0.2,290,2700,3,300
KF-20 cm-LS-Ctr-5,20,S,Clay,No Plant,27,8.1,0,9,0.298448276,2900,47.5,290,2700,3,300
KF-20 cm-LS-Exp-1,20,S,Clay,Plant,27,8.1,0.025447347,9,0.115068966,2900,5.1,290,2700,3,300
KF-20 cm-LS-Exp-2,20,S,Clay,Plant,27,8.1,0,9,0.085137931,2900,0,290,2700,3,300
KF-20 cm-LS-Exp-3,20,S,Clay,Plant,27,8.1,0,9,0.156517241,2900,0,290,2700,3,300
KF-20 cm-LS-Exp-4,20,S,Clay,Plant,27,8.1,0.044247791,9,0.323655172,2900,32.9,290,2700,3,300
KF-20 cm-LS-Exp-5,20,S,Clay,Plant,27,8.1,0.034991011,9,0.229517241,2900,8.2,290,2700,3,300
NK-60 cm-LS-Ctr-2,60,NA,Sand,No Plant,27,8.1,0,9,0.000515625,6400,0,290,2700,3,300
NK-60 cm-LS-Ctr-3,60,NA,Sand,No Plant,27,8.1,0,9,0,6400,-0.1,290,2700,3,300
NK-60 cm-LS-Ctr-4,60,NA,Sand,No Plant,27,8.1,0,9,0.001328125,6400,0.2,290,2700,3,300
NK-60 cm-LS-Ctr-5,60,NA,Sand,No Plant,27,8.1,0,9,0.08815625,6400,23.6,290,2700,3,300
NK-60 cm-LS-Exp-2,60,NA,Sand,Plant,27,8.1,0,9,0.017984375,6400,-0.2,290,2700,3,300
NK-60 cm-LS-Exp-3,60,NA,Sand,Plant,27,8.1,0,9,0.101875,6400,0.3,290,2700,3,300
NK-60 cm-LS-Exp-4,60,NA,Sand,Plant,27,8.1,0,9,0.027578125,6400,0.1,290,2700,3,300
NK-60 cm-LS-Exp-5,60,NA,Sand,Plant,27,8.1,0,9,0.000140625,6400,0,290,2700,3,300
NK-20 cm-LS-Ctr-1,20,NA,Sand,No Plant,27,8.1,0.556698543,9,0.448807692,2600,95.8,290,2700,3,300
NK-20 cm-LS-Ctr-2,20,NA,Sand,No Plant,27,8.1,0,9,0.043,2600,-0.2,290,2700,3,300
NK-20 cm-LS-Ctr-3,20,NA,Sand,No Plant,27,8.1,0,9,0.245384615,2600,-0.1,290,2700,3,300
NK-20 cm-LS-Ctr-4,20,NA,Sand,No Plant,27,8.1,0,9,0.045807692,2600,-0.4,290,2700,3,300
NK-20 cm-LS-Exp-1,20,NA,Sand,Plant,27,8.1,0,9,0.247076923,2600,0.2,290,2700,3,300
NK-20 cm-LS-Exp-2,20,NA,Sand,Plant,27,8.1,0,9,0.244730769,2600,0.4,290,2700,3,300
NK-20 cm-LS-Exp-3,20,NA,Sand,Plant,27,8.1,0,9,0.214730769,2600,0.3,290,2700,3,300
NK-20 cm-LS-Exp-4,20,NA,Sand,Plant,27,8.1,0.021086715,9,0.154730769,2600,0.1,290,2700,3,300
KF-60 cm-LS/SS-1,60,NS,Clay,Plant,27,8.1,0,9,0.039514706,6800,0.1,290,2700,3,300
KF-60 cm-LS/SS-2,60,NS,Clay,Plant,27,8.1,0,9,0.075411765,6800,0.3,290,2700,3,300
KF-60 cm-LS/SS-3,60,NS,Clay,Plant,27,8.1,0,9,0.002102941,6800,0.4,290,2700,3,300
KF-60 cm-LS/SS-4,60,NS,Clay,Plant,27,8.1,0,9,0.000117647,6800,0,290,2700,3,300
KF-60 cm-LS/SS-5,60,NS,Clay,Plant,27,8.1,0,9,0.002088235,6800,0.1,290,2700,3,300
KF-60 cm-LS-Ctr-1,60,S,Clay,No Plant,30,9,0.046198889,10,0.060794118,6800,1.2,290,3000,3,300
KF-60 cm-LS-Ctr-2,60,S,Clay,No Plant,30,9,0,10,0.012691176,6800,0.3,290,3000,3,300
KF-60 cm-LS-Ctr-3,60,S,Clay,No Plant,30,9,0,10,0.034588235,6800,0.6,290,3000,3,300
KF-60 cm-LS-Ctr-5,60,S,Clay,No Plant,30,9,0.148952213,10,0.107323529,6800,1.3,290,3000,3,300
KF-60 cm-LS-Exp-2,60,S,Clay,Plant,30,9,0,10,0.05225,6800,0.4,290,3000,3,300
KF-60 cm-LS-Exp-3,60,S,Clay,Plant,30,9,0,10,0.075,6800,0.7,290,3000,3,300
KF-60 cm-LS-Exp-4,60,S,Clay,Plant,30,9,0,10,0.041735294,6800,0.2,290,3000,3,300
KF-60 cm-LS-Exp-5,60,S,Clay,Plant,30,9,0,10,0.06175,6800,0.3,290,3000,3,300
KF-20 cm-LS-Ctr-1,20,S,Clay,No Plant,30,9,0.018848136,10,0.312862069,2900,85.5,290,3000,3,300
KF-20 cm-LS-Ctr-2,20,S,Clay,No Plant,30,9,0.03360539,10,0.238862069,2900,2.2,290,3000,3,300
KF-20 cm-LS-Ctr-3,20,S,Clay,No Plant,30,9,0,10,0.382,2900,31.9,290,3000,3,300
KF-20 cm-LS-Ctr-4,20,S,Clay,No Plant,30,9,0,10,0.061034483,2900,0.7,290,3000,3,300
KF-20 cm-LS-Ctr-5,20,S,Clay,No Plant,30,9,0.02721038,10,0.299517241,2900,3.1,290,3000,3,300
KF-20 cm-LS-Exp-1,20,S,Clay,Plant,30,9,0.348507029,10,0.115413793,2900,1,290,3000,3,300
KF-20 cm-LS-Exp-2,20,S,Clay,Plant,30,9,0,10,0.085241379,2900,0.3,290,3000,3,300
KF-20 cm-LS-Exp-3,20,S,Clay,Plant,30,9,0,10,0.156689655,2900,0.5,290,3000,3,300
KF-20 cm-LS-Exp-4,20,S,Clay,Plant,30,9,0.909399001,10,0.324172414,2900,1.5,290,3000,3,300
KF-20 cm-LS-Exp-5,20,S,Clay,Plant,30,9,0,10,0.230034483,2900,1.5,290,3000,3,300
NK-60 cm-LS-Ctr-2,60,NA,Sand,No Plant,30,9,0,10,0.000578125,6400,0.4,290,3000,3,300
NK-60 cm-LS-Ctr-3,60,NA,Sand,No Plant,30,9,0,10,3.13E-05,6400,0.2,290,3000,3,300
NK-60 cm-LS-Ctr-4,60,NA,Sand,No Plant,30,9,0,10,0.001375,6400,0.3,290,3000,3,300
NK-60 cm-LS-Ctr-5,60,NA,Sand,No Plant,30,9,0,10,0.088359375,6400,1.3,290,3000,3,300
NK-60 cm-LS-Exp-2,60,NA,Sand,Plant,30,9,0,10,0.018046875,6400,0.4,290,3000,3,300
NK-60 cm-LS-Exp-3,60,NA,Sand,Plant,30,9,0,10,0.10196875,6400,0.6,290,3000,3,300
NK-60 cm-LS-Exp-4,60,NA,Sand,Plant,30,9,0,10,0.02765625,6400,0.5,290,3000,3,300
NK-60 cm-LS-Exp-5,60,NA,Sand,Plant,30,9,0,10,0.00025,6400,0.7,290,3000,3,300
NK-20 cm-LS-Ctr-1,20,NA,Sand,No Plant,30,9,0.875807648,10,0.470538462,2600,56.5,290,3000,3,300
NK-20 cm-LS-Ctr-2,20,NA,Sand,No Plant,30,9,0,10,0.043038462,2600,0.1,290,3000,3,300
NK-20 cm-LS-Ctr-3,20,NA,Sand,No Plant,30,9,0,10,0.245538462,2600,0.4,290,3000,3,300
NK-20 cm-LS-Ctr-4,20,NA,Sand,No Plant,30,9,0,10,0.045807692,2600,0,290,3000,3,300
NK-20 cm-LS-Exp-1,20,NA,Sand,Plant,30,9,0,10,0.247192308,2600,0.3,290,3000,3,300
NK-20 cm-LS-Exp-2,20,NA,Sand,Plant,30,9,0,10,0.244961538,2600,0.6,290,3000,3,300
NK-20 cm-LS-Exp-3,20,NA,Sand,Plant,30,9,0,10,0.215,2600,0.7,290,3000,3,300
NK-20 cm-LS-Exp-4,20,NA,Sand,Plant,30,9,0,10,0.154884615,2600,0.4,290,3000,3,300
KF-60 cm-LS/SS-1,60,NS,Clay,Plant,30,9,0,10,0.039632353,6800,0.8,290,3000,3,300
KF-60 cm-LS/SS-2,60,NS,Clay,Plant,30,9,0,10,0.075573529,6800,1.1,290,3000,3,300
KF-60 cm-LS/SS-3,60,NS,Clay,Plant,30,9,0,10,0.002176471,6800,0.5,290,3000,3,300
KF-60 cm-LS/SS-4,60,NS,Clay,Plant,30,9,0,10,0.000161765,6800,0.3,290,3000,3,300
KF-60 cm-LS/SS-5,60,NS,Clay,Plant,30,9,0,10,0.002147059,6800,0.4,290,3000,3,300
KF-60 cm-LS-Ctr-1,60,S,Clay,No Plant,31,9.9,0,11,0.094823529,6800,231.4,290,3300,1,300
KF-60 cm-LS-Ctr-2,60,S,Clay,No Plant,31,9.9,0,11,0.012735294,6800,0.3,290,3300,1,300
KF-60 cm-LS-Ctr-3,60,S,Clay,No Plant,31,9.9,0,11,0.034691176,6800,0.7,290,3300,1,300
KF-60 cm-LS-Ctr-5,60,S,Clay,No Plant,31,9.9,0,11,0.107411765,6800,0.6,290,3300,1,300
KF-60 cm-LS-Exp-2,60,S,Clay,Plant,31,9.9,0,11,0.052308824,6800,0.4,290,3300,1,300
KF-60 cm-LS-Exp-3,60,S,Clay,Plant,31,9.9,0,11,0.075088235,6800,0.6,290,3300,1,300
KF-60 cm-LS-Exp-4,60,S,Clay,Plant,31,9.9,0,11,0.041779412,6800,0.3,290,3300,1,300
KF-60 cm-LS-Exp-5,60,S,Clay,Plant,31,9.9,0,11,0.061794118,6800,0.3,290,3300,1,300
KF-20 cm-LS-Ctr-1,20,S,Clay,No Plant,31,9.9,0.046782441,11,0.320965517,2900,23.5,290,3300,1,300
KF-20 cm-LS-Ctr-2,20,S,Clay,No Plant,31,9.9,0.016662322,11,0.24162069,2900,8,290,3300,1,300
KF-20 cm-LS-Ctr-3,20,S,Clay,No Plant,31,9.9,0.02109411,11,0.393206897,2900,32.5,290,3300,1,300
KF-20 cm-LS-Ctr-4,20,S,Clay,No Plant,31,9.9,0,11,0.061275862,2900,0.7,290,3300,1,300
KF-20 cm-LS-Ctr-5,20,S,Clay,No Plant,31,9.9,0.194497363,11,0.299965517,2900,1.3,290,3300,1,300
KF-20 cm-LS-Exp-1,20,S,Clay,Plant,31,9.9,0,11,0.115689655,2900,0.8,290,3300,1,300
KF-20 cm-LS-Exp-2,20,S,Clay,Plant,31,9.9,0,11,0.08537931,2900,0.4,290,3300,1,300
KF-20 cm-LS-Exp-3,20,S,Clay,Plant,31,9.9,0,11,0.156862069,2900,0.5,290,3300,1,300
KF-20 cm-LS-Exp-4,20,S,Clay,Plant,31,9.9,0.424910261,11,0.324482759,2900,0.9,290,3300,1,300
KF-20 cm-LS-Exp-5,20,S,Clay,Plant,31,9.9,1.82844366,11,0.23037931,2900,1,290,3300,1,300
NK-60 cm-LS-Ctr-2,60,NA,Sand,No Plant,31,9.9,0.033687609,11,0.000640625,6400,0.4,290,3300,1,300
NK-60 cm-LS-Ctr-3,60,NA,Sand,No Plant,31,9.9,0,11,0.000078125,6400,0.3,290,3300,1,300
NK-60 cm-LS-Ctr-4,60,NA,Sand,No Plant,31,9.9,0,11,0.001453125,6400,0.5,290,3300,1,300
NK-60 cm-LS-Ctr-5,60,NA,Sand,No Plant,31,9.9,0,11,0.088515625,6400,1,290,3300,1,300
NK-60 cm-LS-Exp-2,60,NA,Sand,Plant,31,9.9,0,11,0.018109375,6400,0.4,290,3300,1,300
NK-60 cm-LS-Exp-3,60,NA,Sand,Plant,31,9.9,0,11,0.102046875,6400,0.5,290,3300,1,300
NK-60 cm-LS-Exp-4,60,NA,Sand,Plant,31,9.9,0,11,0.02771875,6400,0.4,290,3300,1,300
NK-60 cm-LS-Exp-5,60,NA,Sand,Plant,31,9.9,0,11,0.00034375,6400,0.6,290,3300,1,300
NK-20 cm-LS-Ctr-1,20,NA,Sand,No Plant,31,9.9,2.403611607,11,0.494346154,2600,61.9,290,3300,1,300
NK-20 cm-LS-Ctr-2,20,NA,Sand,No Plant,31,9.9,0,11,0.043076923,2600,0.1,290,3300,1,300
NK-20 cm-LS-Ctr-3,20,NA,Sand,No Plant,31,9.9,0,11,0.245692308,2600,0.4,290,3300,1,300
NK-20 cm-LS-Ctr-4,20,NA,Sand,No Plant,31,9.9,0,11,0.045807692,2600,0,290,3300,1,300
NK-20 cm-LS-Exp-1,20,NA,Sand,Plant,31,9.9,0,11,0.247346154,2600,0.4,290,3300,1,300
NK-20 cm-LS-Exp-2,20,NA,Sand,Plant,31,9.9,0,11,0.245115385,2600,0.4,290,3300,1,300
NK-20 cm-LS-Exp-3,20,NA,Sand,Plant,31,9.9,0,11,0.215192308,2600,0.5,290,3300,1,300
NK-20 cm-LS-Exp-4,20,NA,Sand,Plant,31,9.9,0,11,0.155038462,2600,0.4,290,3300,1,300
KF-60 cm-LS/SS-1,60,NS,Clay,Plant,31,9.9,0,11,0.03975,6800,0.8,290,3300,1,300
KF-60 cm-LS/SS-2,60,NS,Clay,Plant,31,9.9,0,11,0.075647059,6800,0.5,290,3300,1,300
KF-60 cm-LS/SS-3,60,NS,Clay,Plant,31,9.9,0,11,0.002235294,6800,0.4,290,3300,1,300
KF-60 cm-LS/SS-4,60,NS,Clay,Plant,31,9.9,0,11,0.000220588,6800,0.4,290,3300,1,300
KF-60 cm-LS/SS-5,60,NS,Clay,Plant,31,9.9,0,11,0.002205882,6800,0.4,290,3300,1,300
KF-60 cm-LS-Ctr-1,60,S,Clay,No Plant,33,18.9,9.308480014,12,0.521764706,6800,2840.5,290,6300,2,3000
KF-60 cm-LS-Ctr-2,60,S,Clay,No Plant,33,18.9,2.542004527,12,0.335470588,6800,2194.6,290,6300,2,3000
KF-60 cm-LS-Ctr-3,60,S,Clay,No Plant,33,18.9,1.40305887,12,0.407102941,6800,2532.4,290,6300,2,3000
KF-60 cm-LS-Ctr-5,60,S,Clay,No Plant,33,18.9,27.76748632,12,0.56275,6800,3018.5,290,6300,2,3000
KF-60 cm-LS-Exp-2,60,S,Clay,Plant,33,18.9,5.240248753,12,0.328338235,6800,1876.9,290,6300,2,3000
KF-60 cm-LS-Exp-3,60,S,Clay,Plant,33,18.9,18.06080383,12,0.449558824,6800,2523,290,6300,2,3000
KF-60 cm-LS-Exp-4,60,S,Clay,Plant,33,18.9,0.873843585,12,0.268882353,6800,1544.2,290,6300,2,3000
KF-60 cm-LS-Exp-5,60,S,Clay,Plant,33,18.9,17.48166216,12,0.339970588,6800,1891.2,290,6300,2,3000
KF-20 cm-LS-Ctr-1,20,S,Clay,No Plant,33,18.9,36.96095106,12,1.460724138,2900,3217.9,290,6300,2,3000
KF-20 cm-LS-Ctr-2,20,S,Clay,No Plant,33,18.9,32.61342211,12,1.289827586,2900,2959.8,290,6300,2,3000
KF-20 cm-LS-Ctr-3,20,S,Clay,No Plant,33,18.9,26.60940075,12,1.333517241,2900,2623.9,290,6300,2,3000
KF-20 cm-LS-Ctr-4,20,S,Clay,No Plant,33,18.9,70.27395785,12,0.798172414,2900,2136.7,290,6300,2,3000
KF-20 cm-LS-Ctr-5,20,S,Clay,No Plant,33,18.9,33.28375854,12,1.377793103,2900,3025.1,290,6300,2,3000
KF-20 cm-LS-Exp-1,20,S,Clay,Plant,33,18.9,27.58230602,12,1.07437931,2900,2759.2,290,6300,2,3000
KF-20 cm-LS-Exp-2,20,S,Clay,Plant,33,18.9,16.99230888,12,0.695758621,2900,1770.1,290,6300,2,3000
KF-20 cm-LS-Exp-3,20,S,Clay,Plant,33,18.9,36.40116905,12,0.752034483,2900,1725.9,290,6300,2,3000
KF-20 cm-LS-Exp-4,20,S,Clay,Plant,33,18.9,25.86399895,12,1.307896552,2900,2751.2,290,6300,2,3000
KF-20 cm-LS-Exp-5,20,S,Clay,Plant,33,18.9,8.196123673,12,1.316793103,2900,3100.3,290,6300,2,3000
NK-60 cm-LS-Ctr-2,60,NA,Sand,No Plant,33,18.9,0.135189803,12,0.440859375,6400,2817.3,290,6300,2,3000
NK-60 cm-LS-Ctr-3,60,NA,Sand,No Plant,33,18.9,0.012442056,12,0.357453125,6400,2287.2,290,6300,2,3000
NK-60 cm-LS-Ctr-4,60,NA,Sand,No Plant,33,18.9,0.065390459,12,0.39840625,6400,2535.9,290,6300,2,3000
NK-60 cm-LS-Ctr-5,60,NA,Sand,No Plant,33,18.9,0.069280713,12,0.2914375,6400,1269.5,290,6300,2,3000
NK-60 cm-LS-Exp-2,60,NA,Sand,Plant,33,18.9,0.105480549,12,0.20959375,6400,1225.5,290,6300,2,3000
NK-60 cm-LS-Exp-3,60,NA,Sand,Plant,33,18.9,0.060722154,12,0.329421875,6400,1444.5,290,6300,2,3000
NK-60 cm-LS-Exp-4,60,NA,Sand,Plant,33,18.9,0.263158681,12,0.2371875,6400,1340.5,290,6300,2,3000
NK-60 cm-LS-Exp-5,60,NA,Sand,Plant,33,18.9,0.307917076,12,0.289015625,6400,1847.5,290,6300,2,3000
NK-20 cm-LS-Ctr-1,20,NA,Sand,No Plant,33,18.9,109.7206333,12,1.706115385,2600,3014,290,6300,2,3000
NK-20 cm-LS-Ctr-2,20,NA,Sand,No Plant,33,18.9,83.71149493,12,0.780576923,2600,1917.5,290,6300,2,3000
NK-20 cm-LS-Ctr-3,20,NA,Sand,No Plant,33,18.9,35.08779071,12,0.989423077,2600,1924.2,290,6300,2,3000
NK-20 cm-LS-Ctr-4,20,NA,Sand,No Plant,33,18.9,17.47271782,12,0.806769231,2600,1978.5,290,6300,2,3000
NK-20 cm-LS-Exp-1,20,NA,Sand,Plant,33,18.9,58.84057398,12,0.717615385,2600,1217.4,290,6300,2,3000
NK-20 cm-LS-Exp-2,20,NA,Sand,Plant,33,18.9,82.57305469,12,0.961192308,2600,1798.5,290,6300,2,3000
NK-20 cm-LS-Exp-3,20,NA,Sand,Plant,33,18.9,94.74535786,12,0.847538462,2600,1642.1,290,6300,2,3000
NK-20 cm-LS-Exp-4,20,NA,Sand,Plant,33,18.9,2.236249368,12,0.369961538,2600,950,290,6300,2,3000
KF-60 cm-LS/SS-1,60,NS,Clay,Plant,33,18.9,0.784493653,12,0.236323529,6800,1333.3,290,6300,2,3000
KF-60 cm-LS/SS-2,60,NS,Clay,Plant,33,18.9,0.079918998,12,0.279,6800,1378.8,290,6300,2,3000
KF-60 cm-LS/SS-3,60,NS,Clay,Plant,33,18.9,1.255823128,12,0.192308824,6800,1292.4,290,6300,2,3000
KF-60 cm-LS/SS-4,60,NS,Clay,Plant,33,18.9,6.970216428,12,0.199073529,6800,1352.1,290,6300,2,3000
KF-60 cm-LS/SS-5,60,NS,Clay,Plant,33,18.9,4.497695853,12,0.044397059,6800,286.8,290,6300,2,3000
