1,9/23/2011,552.2617854,314.778564,78.8544,769.2955378,49.62533623,81,219.16368,0,14,40,70,104,149,193,243,306,362,428,0.171,0.19,0.457,0.897,1.11,1.4,0.33,0.174,0.209,0.463,0.829,1.21,1.22,0.38,0.172,0.2,0.46,0.863,1.16,1.312,0.353
1,10/20/2011,1252.544092,1038.1284,315.64692,1945.146189,125.3565168,147.24,1727.44776,0,5,17,27,44,67,82,103,123,148,178,0.323,0.336,0.863,0.952,1.05,1.59,0.54,0.259,0.336,0.712,0.792,1.26,1.12,0.64,0.291,0.336,0.788,0.872,1.157,1.353,0.59
1,11/28/2011,5.71973083,7.6176,2.794748063,10.19565146,0.790700258,0.36,2.142,0,718,2960,5746,8228,,,,,,,0.46,0.52,1.195,0.864,1.16,1.31,0.91,0.369,0.467,0.963,0.772,1.3,1.06,0.91,0.414,0.493,1.079,0.818,1.227,1.185,0.91
1,2/6/2012,0.468702899,0.213444,13.38536859,10.71898956,2.758685335,2.88,9.47952,0,1390,2945,4389,5809,7556,9599,,,,,0.504,0.514,1.345,0.976,1.02,1.63,0.83,0.364,0.455,0.973,0.801,1.25,1.14,0.85,0.434,0.485,1.159,0.888,1.137,1.384,0.84
1,3/8/2012,0,0.665856,22.42780164,4.856332954,1.604432008,2.16,6.44832,0,3693,6194,9062,,,,,,,,0.442,0.529,1.181,0.834,1.2,1.23,0.96,0.373,0.507,1.05,0.771,1.3,1.07,0.98,0.408,0.518,1.116,0.802,1.248,1.149,0.972
1,4/9/2012,28.78712512,47.941776,14.87772955,67.27363977,4.702558563,2.16,11.99124,0,128,362,937,1536,2235,3062,3470,4104,4689,5318,0.458,0.537,1.223,0.852,1.17,1.28,0.96,0.388,0.489,1.028,0.788,1.27,1.11,0.93,0.423,0.513,1.125,0.82,1.222,1.192,0.943
1,5/8/2012,15.87914341,12.574116,7.992991987,40.62712668,4.436716199,4.68,9.72756,0,182,705,1480,2084,2773,3519,4298,5102,5884,6808,0.508,0.542,1.355,0.934,1.07,1.5,0.9,0.349,0.469,0.982,0.782,1.28,1.09,0.9,0.428,0.505,1.169,0.858,1.175,1.295,0.901
1,6/3/2012,358.8068967,257.987844,1113.63192,2546.362794,533.1884586,559.8,497.04876,0,5,13,19,26,32,42,50,59,67,,0.313,0.365,0.836,0.855,1.17,1.29,0.65,0.29,0.366,0.79,0.807,1.24,1.16,0.68,0.302,0.366,0.813,0.831,1.205,1.224,0.665
1,7/5/2012,738.9231556,1090.188324,634.5081898,2039.597745,260.7522144,219.24,507.54528,0,3,16,28,39,50,63,76,91,107,124,0.271,0.326,0.723,0.825,1.21,1.21,0.6,0.271,0.326,0.723,0.825,1.21,1.21,0.6,0.271,0.326,0.723,0.825,1.212,1.214,0.595
1,8/7/2012,0,181.4409,325.8567967,4106.811335,1390.945526,1058.04,3428.79372,0,3,8,12,16,19,22,25,28,31,35,0.183,0.19,0.488,0.89,1.12,1.57,0.31,0.172,0.21,0.487,0.784,1.28,1.32,0.37,0.177,0.2,0.487,0.837,1.199,1.449,0.339
1,9/6/2012,0,391.802436,1206.750876,4306.08113,1333.607122,952.2,2735.62056,0,3,7,12,16,20,23,26,30,33,36,0.174,0.192,0.46,0.899,1.11,1.4,0.33,0.166,0.201,0.442,0.825,1.21,1.2,0.37,0.17,0.196,0.451,0.862,1.163,1.301,0.348
1,10/3/2012,132.8025837,299.843856,776.0227004,6307.647239,1651.879905,1560.96,3561.74568,0,2,5,8,11,14,16,19,22,25,28,0.044,0.056,0.117,0.79,1.27,1.12,0.11,0.028,0.049,0.108,0.845,1.18,1.26,0.09,0.036,0.052,0.112,0.817,1.225,1.192,0.099
1,10/4/2012,0,5.788836,12.95080003,487.3990499,163.4178823,176.4,874.17108,0,31,67,93,122,148,,,,,,0.044,0.056,0.117,0.79,1.27,1.12,0.11,0.028,0.049,0.108,0.845,1.18,1.26,0.09,0.0361,0.052,0.112,0.817,1.225,1.192,0.099
1,11/6/2012,174.9135899,172.186884,150.405696,289.3327202,18.23664766,18.36,36,0,31,108,192,328,442,579,728,892,,,0.398,0.429,1.062,0.926,1.08,1.48,0.72,0.343,0.402,0.919,0.857,1.17,1.29,0.72,0.37,0.415,0.99,0.892,1.123,1.384,0.718
1,12/10/2012,41.13373755,34.292736,26.749584,121.182545,13.43617089,14.4,27.36,0,55,250,488,732,1002,1249,1478,1738,2006,2334,0.402,0.451,1.073,0.889,1.12,1.38,0.78,0.346,0.423,0.912,0.805,1.24,1.15,0.79,0.374,0.437,0.992,0.847,1.183,1.267,0.786
1,1/6/2013,,,,,,,,0,38,115,186,259,342,435,517,599,693,784,0.392,0.431,1.046,0.908,1.1,1.43,0.74,0.307,0.403,0.835,0.775,1.29,1.07,0.78,0.349,0.417,0.941,0.842,1.196,1.252,0.758
1,2/4/2013,,,,,,,,0,102,342,617,892,1182,1454,1708,2038,2440,2768,0.47,0.508,1.255,0.916,1.09,1.46,0.86,0.422,0.48,1.146,0.895,1.12,1.39,0.82,0.446,0.494,1.2,0.906,1.105,1.427,0.843
1,3/4/2013,,,,,,,,0,4095,8371,,,,,,,,,0.502,0.52,1.341,0.964,1.037,1.576,0.851,0.426,0.497,1.125,0.848,1.179,1.265,0.889,0.464,0.509,1.233,0.906,1.108,1.421,0.87
2,9/23/2011,173.9517135,163.635264,144.401896,1330.892085,263.5959951,266.4,489.05028,0,10,23,38,53,69,86,103,118,134,152,0.171,0.19,0.457,0.897,1.11,1.4,0.33,0.174,0.209,0.463,0.829,1.21,1.22,0.38,0.172,0.2,0.46,0.863,1.16,1.312,0.353
2,10/20/2011,1015.665058,933.424704,559.3722607,1476.296134,80.96651228,88.56,235.84608,0,6,20,39,60,88,115,145,173,210,248,0.323,0.336,0.863,0.952,1.05,1.59,0.54,0.259,0.336,0.712,0.792,1.26,1.12,0.64,0.291,0.336,0.788,0.872,1.157,1.353,0.59
2,11/28/2011,3.555120757,4.613904,1.643559896,21.13511591,3.834402113,3.6,122.90544,0,485,1466,2568,3471,4495,5484,6646,7872,8847,,0.46,0.52,1.195,0.864,1.16,1.31,0.91,0.369,0.467,0.963,0.772,1.3,1.06,0.91,0.414,0.493,1.079,0.818,1.227,1.185,0.91
2,2/6/2012,0.327944486,0,0,0.898676763,0.257535598,0,0,0,7646,,,,,,,,,,0.504,0.514,1.345,0.976,1.02,1.63,0.83,0.364,0.455,0.973,0.801,1.25,1.14,0.85,0.434,0.485,1.159,0.888,1.137,1.384,0.84
2,3/8/2012,0,0.000324,0,2.263958866,1.007244759,1.08,0,0,4957,9866,,,,,,,,,0.442,0.529,1.181,0.834,1.2,1.23,0.96,0.373,0.507,1.05,0.771,1.3,1.07,0.98,0.408,0.518,1.116,0.802,1.248,1.149,0.972
2,4/9/2012,0.890775364,0.746496,1.005591795,8.715410072,1.843864611,1.8,81.72864,0,1560,3476,5798,,,,,,,,0.458,0.537,1.223,0.852,1.17,1.28,0.96,0.388,0.489,1.028,0.788,1.27,1.11,0.93,0.423,0.513,1.125,0.82,1.222,1.192,0.943
2,5/8/2012,2.958869709,5.280804,0.473264195,42.47037155,8.983330512,8.28,15.00624,0,285,770,1172,1786,2507,2769,3140,3547,4158,4832,0.508,0.542,1.355,0.934,1.07,1.5,0.9,0.349,0.469,0.982,0.782,1.28,1.09,0.9,0.428,0.505,1.169,0.858,1.175,1.295,0.901
2,6/3/2012,1670.446776,1377.1521,1499.144854,2336.458527,127.1909011,156.6,248.41728,0,4,13,24,38,53,70,89,110,132,154,0.313,0.365,0.836,0.855,1.17,1.29,0.65,0.29,0.366,0.79,0.807,1.24,1.16,0.68,0.302,0.366,0.813,0.831,1.205,1.224,0.665
2,7/5/2012,1005.129641,588.159504,1080.497908,2313.56645,282.9660416,351.72,502.57152,0,5,14,22,32,43,54,65,79,94,109,0.271,0.326,0.723,0.825,1.21,1.21,0.6,0.271,0.326,0.723,0.825,1.21,1.21,0.6,0.271,0.326,0.723,0.825,1.212,1.214,0.595
2,8/7/2012,16.74716432,2.985984,771.9294292,5181.64917,1610.639742,1646.28,3569.69232,0,3,6,9,11,15,18,21,24,27,30,0.183,0.19,0.488,0.89,1.12,1.57,0.31,0.172,0.21,0.487,0.784,1.28,1.32,0.37,0.177,0.2,0.487,0.837,1.199,1.449,0.339
2,9/6/2012,91.81220318,86.825124,1221.224873,5181.649145,1398.416159,1402.92,3335.81976,0,3,6,9,13,16,20,23,26,30,33,0.174,0.192,0.46,0.899,1.11,1.4,0.33,0.166,0.201,0.442,0.825,1.21,1.2,0.37,0.17,0.196,0.451,0.862,1.163,1.301,0.348
2,10/3/2012,0,15.069924,2157.492879,3886.236877,1321.724074,1332.36,3071.592,0,4,8,12,16,19,23,27,31,33,36,0.044,0.056,0.117,0.79,1.27,1.12,0.11,0.028,0.049,0.108,0.845,1.18,1.26,0.09,0.036,0.052,0.112,0.817,1.225,1.192,0.099
2,10/4/2012,577.9576169,673.713936,389.0394107,1592.68057,186.1417326,168.84,720.83952,0,6,20,34,53,68,,,,,,0.044,0.056,0.117,0.79,1.27,1.12,0.11,0.028,0.049,0.108,0.845,1.18,1.26,0.09,0.0361,0.052,0.112,0.817,1.225,1.192,0.099
2,11/6/2012,324.1818841,332.259984,242.611776,530.2688803,36.9543034,36,79.92,0,15,58,108,161,218,307,383,450,534,,0.398,0.429,1.062,0.926,1.08,1.48,0.72,0.343,0.402,0.919,0.857,1.17,1.29,0.72,0.37,0.415,0.99,0.892,1.123,1.384,0.718
2,12/10/2012,262.1056594,229.5225,213.627456,782.5028291,108.7945725,113.4,205.56,0,14,38,70,96,127,157,191,228,265,308,0.402,0.451,1.073,0.889,1.12,1.38,0.78,0.346,0.423,0.912,0.805,1.24,1.15,0.79,0.374,0.437,0.992,0.847,1.183,1.267,0.786
2,1/6/2013,,,,,,,,0,33,88,159,242,322,406,484,561,643,744,0.392,0.431,1.046,0.908,1.1,1.43,0.74,0.307,0.403,0.835,0.775,1.29,1.07,0.78,0.349,0.417,0.941,0.842,1.196,1.252,0.758
2,2/4/2013,,,,,,,,0,1127,3396,5252,,,,,,,,0.47,0.508,1.255,0.916,1.09,1.46,0.86,0.422,0.48,1.146,0.895,1.12,1.39,0.82,0.446,0.494,1.2,0.906,1.105,1.427,0.843
2,3/4/2013,,,,,,,,0,1285,3325,5128,6780,8283,,,,,,0.502,0.52,1.341,0.964,1.037,1.576,0.851,0.426,0.497,1.125,0.848,1.179,1.265,0.889,0.464,0.509,1.233,0.906,1.108,1.421,0.87
3,9/23/2011,22.51172506,52.969284,708.730884,1713.975231,468.3,447,1155.6,0,8,18,29,39,49,59,70,80,90,99,0.171,0.19,0.457,0.897,1.11,1.4,0.33,0.174,0.209,0.463,0.829,1.21,1.22,0.38,0.172,0.2,0.46,0.863,1.16,1.312,0.353
3,10/20/2011,1352.779477,1580.539536,1504.6641,1744.180257,80.44478105,63,136.44,0,3,18,34,51,74,95,123,153,185,218,0.323,0.336,0.863,0.952,1.05,1.59,0.54,0.259,0.336,0.712,0.792,1.26,1.12,0.64,0.291,0.336,0.788,0.872,1.157,1.353,0.59
3,11/28/2011,34.08857481,40.144896,6.594624,108.4740632,13.50336924,12.6,31.68,0,94,290,496,756,1028,1295,1589,1840,2116,2380,0.46,0.52,1.195,0.864,1.16,1.31,0.91,0.369,0.467,0.963,0.772,1.3,1.06,0.91,0.414,0.493,1.079,0.818,1.227,1.185,0.91
3,2/6/2012,33.58491791,7.584516,16.941456,33.49335413,0.004257706,5.4,1.08,0,350,925,1563,2962,5127,7553,10011,,,,0.504,0.514,1.345,0.976,1.02,1.63,0.83,0.364,0.455,0.973,0.801,1.25,1.14,0.85,0.434,0.485,1.159,0.888,1.137,1.384,0.84
3,3/8/2012,3.45E-08,0,0,1.175582982,0.850768079,0,0,0,5845,,,,,,,,,,0.442,0.529,1.181,0.834,1.2,1.23,0.96,0.373,0.507,1.05,0.771,1.3,1.07,0.98,0.408,0.518,1.116,0.802,1.248,1.149,0.972
3,4/9/2012,27.87435236,5.035536,14.884164,46.17751065,5.272636407,9.36,15.12,0,308,669,1059,1489,1956,2437,2985,3595,4445,5466,0.458,0.537,1.223,0.852,1.17,1.28,0.96,0.388,0.489,1.028,0.788,1.27,1.11,0.93,0.423,0.513,1.125,0.82,1.222,1.192,0.943
3,5/8/2012,2.18E-06,3.779136,1.340964,17.55576151,4.400342494,2.88,5.76,0,712,1764,2922,4273,5702,7212,,,,,0.508,0.542,1.355,0.934,1.07,1.5,0.9,0.349,0.469,0.982,0.782,1.28,1.09,0.9,0.428,0.505,1.169,0.858,1.175,1.295,0.901
3,6/3/2012,669.7833728,639.5841,128.187684,3072.033535,519.8545343,525.24,1155.24,0,4,9,18,24,31,38,46,54,63,71,0.313,0.365,0.836,0.855,1.17,1.29,0.65,0.29,0.366,0.79,0.807,1.24,1.16,0.68,0.302,0.366,0.813,0.831,1.205,1.224,0.665
3,7/5/2012,963.3039099,781.090704,297.976644,2974.022618,426.8566472,453.6,957.96,0,4,10,18,25,32,41,50,59,69,79,0.271,0.326,0.723,0.825,1.21,1.21,0.6,0.271,0.326,0.723,0.825,1.21,1.21,0.6,0.271,0.326,0.723,0.825,1.212,1.214,0.595
3,8/7/2012,0,55.175184,412.4961,5432.899068,1765.92653,1668.96,3554.64,0,3,6,8,11,14,17,20,23,25,28,0.183,0.19,0.488,0.89,1.12,1.57,0.31,0.172,0.21,0.487,0.784,1.28,1.32,0.37,0.177,0.2,0.487,0.837,1.199,1.449,0.339
3,9/6/2012,0,18.714276,782.432784,6307.647239,1989.85091,1915.2,3563.28,0,2,5,8,10,13,16,18,20,22,24,0.174,0.192,0.46,0.899,1.11,1.4,0.33,0.166,0.201,0.442,0.825,1.21,1.2,0.37,0.17,0.196,0.451,0.862,1.163,1.301,0.348
3,10/3/2012,29.36829361,22.982436,700.1316,5181.649159,1533.785752,1542.6,3530.16,0,3,6,9,12,15,19,22,25,28,31,0.044,0.056,0.117,0.79,1.27,1.12,0.11,0.028,0.049,0.108,0.845,1.18,1.26,0.09,0.036,0.052,0.112,0.817,1.225,1.192,0.099
3,10/4/2012,76.05402845,57.699216,1393.678224,1674.026033,411.8470863,423.36,406.8,0,9,18,29,41,51,,,,,,0.044,0.056,0.117,0.79,1.27,1.12,0.11,0.028,0.049,0.108,0.845,1.18,1.26,0.09,0.0361,0.052,0.112,0.817,1.225,1.192,0.099
3,11/6/2012,1548.518173,452.157696,547.56,3204.587972,277.851654,454.32,795.6,0,2,8,20,29,38,46,,,,,0.398,0.429,1.062,0.926,1.08,1.48,0.72,0.343,0.402,0.919,0.857,1.17,1.29,0.72,0.37,0.415,0.99,0.892,1.123,1.384,0.718
3,12/10/2012,310.4987799,418.6116,127.9161,732.2932274,66.46545851,52.92,156.24,0,12,41,78,122,172,224,265,320,365,416,0.402,0.451,1.073,0.889,1.12,1.38,0.78,0.346,0.423,0.912,0.805,1.24,1.15,0.79,0.374,0.437,0.992,0.847,1.183,1.267,0.786
3,1/6/2013,,,,,,,,0,10,44,65,101,155,190,222,258,295,341,0.392,0.431,1.046,0.908,1.1,1.43,0.74,0.307,0.403,0.835,0.775,1.29,1.07,0.78,0.349,0.417,0.941,0.842,1.196,1.252,0.758
3,2/4/2013,,,,,,,,0,183,688,1324,2004,2603,3249,3854,4439,5139,5780,0.47,0.508,1.255,0.916,1.09,1.46,0.86,0.422,0.48,1.146,0.895,1.12,1.39,0.82,0.446,0.494,1.2,0.906,1.105,1.427,0.843
3,3/4/2013,,,,,,,,0,462,1380,2370,3220,4210,5347,6371,7648,8810,,0.502,0.52,1.341,0.964,1.037,1.576,0.851,0.426,0.497,1.125,0.848,1.179,1.265,0.889,0.464,0.509,1.233,0.906,1.108,1.421,0.87
4,9/23/2011,302.6906127,242.985744,543.6490298,146.5891348,48.9136432,56.16,127.91412,0,20,48,108,149,199,256,324,384,454,540,0.171,0.19,0.457,0.897,1.11,1.4,0.33,0.174,0.209,0.463,0.829,1.21,1.22,0.38,0.172,0.2,0.46,0.863,1.16,1.312,0.353
4,10/20/2011,854.0475152,925.3764,1251.685867,1528.684883,27.41817418,24.12,17.88372,0,7,15,54,112,150,197,250,313,378,452,0.323,0.336,0.863,0.952,1.05,1.59,0.54,0.259,0.336,0.712,0.792,1.26,1.12,0.64,0.291,0.336,0.788,0.872,1.157,1.353,0.59
4,11/28/2011,3.18E-07,0.6084,8.595552723,0.244680601,2.607982287,2.16,98.44272,0,1518,3669,5799,7713,,,,,,,0.46,0.52,1.195,0.864,1.16,1.31,0.91,0.369,0.467,0.963,0.772,1.3,1.06,0.91,0.414,0.493,1.079,0.818,1.227,1.185,0.91
4,2/6/2012,34.85389993,9.253764,61.57175263,22.45503128,3.517551711,11.52,5.2326,0,205,499,835,1490,2282,3222,4183,4576,5082,6008,0.504,0.514,1.345,0.976,1.02,1.63,0.83,0.364,0.455,0.973,0.801,1.25,1.14,0.85,0.434,0.485,1.159,0.888,1.137,1.384,0.84
4,3/8/2012,2.18E-07,0.7569,7.160864703,8.152795196,2.448988926,3.24,66.78504,0,2869,4173,5530,8204,10110,,,,,,0.442,0.529,1.181,0.834,1.2,1.23,0.96,0.373,0.507,1.05,0.771,1.3,1.07,0.98,0.408,0.518,1.116,0.802,1.248,1.149,0.972
4,4/9/2012,10.73028021,2.005056,47.08599141,32.30851535,8.82251473,11.52,13.21704,0,349,625,1004,1427,1940,2230,2631,3087,3668,4412,0.458,0.537,1.223,0.852,1.17,1.28,0.96,0.388,0.489,1.028,0.788,1.27,1.11,0.93,0.423,0.513,1.125,0.82,1.222,1.192,0.943
4,5/8/2012,18.14084025,12.236004,42.11503913,6.600202875,4.979952714,5.76,11.76192,0,260,755,1245,1851,2427,3060,3687,4450,5280,6150,0.508,0.542,1.355,0.934,1.07,1.5,0.9,0.349,0.469,0.982,0.782,1.28,1.09,0.9,0.428,0.505,1.169,0.858,1.175,1.295,0.901
4,6/3/2012,1855.041384,442.513296,3373.442139,4277.91815,334.4708506,652.32,419.868,0,4,9,15,22,30,39,49,59,70,81,0.313,0.365,0.836,0.855,1.17,1.29,0.65,0.29,0.366,0.79,0.807,1.24,1.16,0.68,0.302,0.366,0.813,0.831,1.205,1.224,0.665
4,7/5/2012,409.6398076,57.1536,2546.362794,1.514361593,560.7759207,708.84,1027.7388,0,5,13,19,25,30,38,45,54,63,73,0.271,0.326,0.723,0.825,1.21,1.21,0.6,0.271,0.326,0.723,0.825,1.21,1.21,0.6,0.271,0.326,0.723,0.825,1.212,1.214,0.595
4,8/7/2012,58.16800444,38.862756,7730.192844,106.8098686,1632.319605,1652.04,3419.415,0,3,5,8,12,14,17,20,23,26,29,0.183,0.19,0.488,0.89,1.12,1.57,0.31,0.172,0.21,0.487,0.784,1.28,1.32,0.37,0.177,0.2,0.487,0.837,1.199,1.449,0.339
4,9/6/2012,636.2887992,222.129216,8834.506107,628.9525293,1722.93998,1916.64,3518.14716,0,2,4,7,9,11,14,16,19,22,25,0.174,0.192,0.46,0.899,1.11,1.4,0.33,0.166,0.201,0.442,0.825,1.21,1.2,0.37,0.17,0.196,0.451,0.862,1.163,1.301,0.348
4,10/3/2012,0.081044457,42.302016,6699.220422,756.7624668,2049.687125,1954.44,3552.0822,0,2,5,7,10,12,15,17,19,22,24,0.044,0.056,0.117,0.79,1.27,1.12,0.11,0.028,0.049,0.108,0.845,1.18,1.26,0.09,0.036,0.052,0.112,0.817,1.225,1.192,0.099
4,10/4/2012,190.4259853,207.36,1553.693715,361.3305236,314.3015374,308.52,884.2374,0,8,20,33,45,59,,,,,,0.044,0.056,0.117,0.79,1.27,1.12,0.11,0.028,0.049,0.108,0.845,1.18,1.26,0.09,0.0361,0.052,0.112,0.817,1.225,1.192,0.099
4,11/6/2012,356.3097251,375.351876,716.092439,203.747076,65.72228922,63.72,147.6,0,12,42,80,114,155,212,253,307,354,,0.398,0.429,1.062,0.926,1.08,1.48,0.72,0.343,0.402,0.919,0.857,1.17,1.29,0.72,0.37,0.415,0.99,0.892,1.123,1.384,0.718
4,12/10/2012,58.35313536,49.364676,14.791716,142.2660582,14.53938665,15.48,39.24,0,43,198,435,591,793,1007,1378,1542,1735,1945,0.402,0.451,1.073,0.889,1.12,1.38,0.78,0.346,0.423,0.912,0.805,1.24,1.15,0.79,0.374,0.437,0.992,0.847,1.183,1.267,0.786
4,1/6/2013,,,,,,,,0,57,335,536,783,1017,1241,1490,1737,2013,2300,0.392,0.431,1.046,0.908,1.1,1.43,0.74,0.307,0.403,0.835,0.775,1.29,1.07,0.78,0.349,0.417,0.941,0.842,1.196,1.252,0.758
4,2/4/2013,,,,,,,,0,227,919,1811,2536,3116,3935,5117,5944,,,0.47,0.508,1.255,0.916,1.09,1.46,0.86,0.422,0.48,1.146,0.895,1.12,1.39,0.82,0.446,0.494,1.2,0.906,1.105,1.427,0.843
4,3/4/2013,,,,,,,,0,2068,6420,10053,,,,,,,,0.502,0.52,1.341,0.964,1.037,1.576,0.851,0.426,0.497,1.125,0.848,1.179,1.265,0.889,0.464,0.509,1.233,0.906,1.108,1.421,0.87
5,9/23/2011,21.49636371,16.941456,1299.938211,303.9201581,360.7397183,365.04,854.33184,0,11,25,36,51,62,75,89,103,115,130,0.171,0.19,0.457,0.897,1.11,1.4,0.33,0.174,0.209,0.463,0.829,1.21,1.22,0.38,0.172,0.2,0.46,0.863,1.16,1.312,0.353
5,10/20/2011,1547.987606,1082.673216,1433.970861,1646.484976,0,47.16,26.67852,0,4,21,42,70,104,152,205,277,365,468,0.323,0.336,0.863,0.952,1.05,1.59,0.54,0.259,0.336,0.712,0.792,1.26,1.12,0.64,0.291,0.336,0.788,0.872,1.157,1.353,0.59
5,11/28/2011,21.92201512,22.410756,63.99632625,7.851204,8.061841352,7.92,18,0,159,508,822,1242,1636,2098,2560,3064,3490,3953,0.46,0.52,1.195,0.864,1.16,1.31,0.91,0.369,0.467,0.963,0.772,1.3,1.06,0.91,0.414,0.493,1.079,0.818,1.227,1.185,0.91
5,2/6/2012,26.76037431,11.737476,26.08488012,15.303744,0,2.16,0.36,0,430,1108,2122,3567,6328,9757,,,,,0.504,0.514,1.345,0.976,1.02,1.63,0.83,0.364,0.455,0.973,0.801,1.25,1.14,0.85,0.434,0.485,1.159,0.888,1.137,1.384,0.84
5,3/8/2012,0.606177731,0.887364,9.57661052,0.367236,2.263324494,2.16,2.52,0,1420,2833,5646,7315,8583,,,,,,0.442,0.529,1.181,0.834,1.2,1.23,0.96,0.373,0.507,1.05,0.771,1.3,1.07,0.98,0.408,0.518,1.116,0.802,1.248,1.149,0.972
5,4/9/2012,5.17E-06,16.548624,34.38321008,10.419984,8.779116288,3.24,6.48,0,270,878,1639,2351,2907,3442,3912,4479,5080,5727,0.458,0.537,1.223,0.852,1.17,1.28,0.96,0.388,0.489,1.028,0.788,1.27,1.11,0.93,0.423,0.513,1.125,0.82,1.222,1.192,0.943
5,5/8/2012,1.47E-06,1.774224,19.27095815,6.2001,5.041778711,3.96,10.8,0,504,1677,2772,3744,4934,6040,7075,,,,0.508,0.542,1.355,0.934,1.07,1.5,0.9,0.349,0.469,0.982,0.782,1.28,1.09,0.9,0.428,0.505,1.169,0.858,1.175,1.295,0.901
5,6/3/2012,1258.089115,961.124004,4306.081124,648.7209,645.1965228,692.28,1235.88,0,3,7,12,18,22,28,34,40,47,54,0.313,0.365,0.836,0.855,1.17,1.29,0.65,0.29,0.366,0.79,0.807,1.24,1.16,0.68,0.302,0.366,0.813,0.831,1.205,1.224,0.665
5,7/5/2012,926.7581384,947.039076,2939.502425,2560.157604,438.1616463,437.04,639.36,0,5,10,17,24,32,41,50,58,68,78,0.271,0.326,0.723,0.825,1.21,1.21,0.6,0.271,0.326,0.723,0.825,1.21,1.21,0.6,0.271,0.326,0.723,0.825,1.212,1.214,0.595
5,8/7/2012,876.0041062,845.413776,4944.763649,3101.598864,954.4725062,963,1452.96,0,3,6,10,14,18,22,26,31,36,41,0.183,0.19,0.488,0.89,1.12,1.57,0.31,0.172,0.21,0.487,0.784,1.28,1.32,0.37,0.177,0.2,0.487,0.837,1.199,1.449,0.339
5,9/6/2012,345.0139324,279.424656,4944.763658,4.613904,1163.483346,1186.92,2503.08,0,3,6,10,13,18,21,25,29,33,37,0.174,0.192,0.46,0.899,1.11,1.4,0.33,0.166,0.201,0.442,0.825,1.21,1.2,0.37,0.17,0.196,0.451,0.862,1.163,1.301,0.348
5,10/3/2012,226.9248781,212.226624,5181.649159,411.035076,1263.740786,1270.44,2622.6,0,3,6,9,13,17,21,24,28,31,35,0.044,0.056,0.117,0.79,1.27,1.12,0.11,0.028,0.049,0.108,0.845,1.18,1.26,0.09,0.036,0.052,0.112,0.817,1.225,1.192,0.099
5,10/4/2012,130.1307284,86.044176,801.9476945,444.7881,152.5542751,164.88,224.28,0,18,39,60,86,115,141,172,,,,0.044,0.056,0.117,0.79,1.27,1.12,0.11,0.028,0.049,0.108,0.845,1.18,1.26,0.09,0.0361,0.052,0.112,0.817,1.225,1.192,0.099
5,11/6/2012,158.5567356,170.459136,387.0618494,98.366724,40.39066285,38.52,72.36,0,25,81,141,226,289,376,,,,,0.398,0.429,1.062,0.926,1.08,1.48,0.72,0.343,0.402,0.919,0.857,1.17,1.29,0.72,0.37,0.415,0.99,0.892,1.123,1.384,0.718
5,12/10/2012,233.0077835,158.306724,194.435136,589.1650024,47.06663754,54.72,97.2,0,9,51,103,188,243,303,366,436,508,579,0.402,0.451,1.073,0.889,1.12,1.38,0.78,0.346,0.423,0.912,0.805,1.24,1.15,0.79,0.374,0.437,0.992,0.847,1.183,1.267,0.786
5,1/6/2013,,,,,,,,0,300,920,1518,2099,2780,3830,,,,,0.392,0.431,1.046,0.908,1.1,1.43,0.74,0.307,0.403,0.835,0.775,1.29,1.07,0.78,0.349,0.417,0.941,0.842,1.196,1.252,0.758
5,2/4/2013,,,,,,,,0,112,306,532,733,964,1185,1471,1781,2083,2353,0.47,0.508,1.255,0.916,1.09,1.46,0.86,0.422,0.48,1.146,0.895,1.12,1.39,0.82,0.446,0.494,1.2,0.906,1.105,1.427,0.843
5,3/4/2013,,,,,,,,0,2128,7878,,,,,,,,,0.502,0.52,1.341,0.964,1.037,1.576,0.851,0.426,0.497,1.125,0.848,1.179,1.265,0.889,0.464,0.509,1.233,0.906,1.108,1.421,0.87
6,9/23/2011,312.9749044,267.715044,1686.72107,669.049956,300.7112639,309.6,459.72,0,8,18,30,43,57,68,82,100,112,125,0.171,0.19,0.457,0.897,1.11,1.4,0.33,0.174,0.209,0.463,0.829,1.21,1.22,0.38,0.172,0.2,0.46,0.863,1.16,1.312,0.353
6,10/20/2011,940.8565796,675.584064,906.4803679,686.230416,14.46649819,36.72,60.444,0,9,32,65,102,150,204,267,346,432,544,0.323,0.336,0.863,0.952,1.05,1.59,0.54,0.259,0.336,0.712,0.792,1.26,1.12,0.64,0.291,0.336,0.788,0.872,1.157,1.353,0.59
6,11/28/2011,85.61693429,113.4225,92.42321684,21.86030025,3.267433756,1.8,11.088,0,182,351,463,843,1299,1763,2373,3024,3580,4213,0.46,0.52,1.195,0.864,1.16,1.31,0.91,0.369,0.467,0.963,0.772,1.3,1.06,0.91,0.414,0.493,1.079,0.818,1.227,1.185,0.91
6,2/6/2012,19.42373343,7.986276,21.02888948,17.690436,0.002652832,4.32,0.00612,0,388,1055,3113,5695,9145,,,,,,0.504,0.514,1.345,0.976,1.02,1.63,0.83,0.364,0.455,0.973,0.801,1.25,1.14,0.85,0.434,0.485,1.159,0.888,1.137,1.384,0.84
6,3/8/2012,4.53E-07,0.331776,8.782016335,5.72262084,2.921275552,2.16,6.6312,0,1593,3608,5498,6384,,,,,,,0.442,0.529,1.181,0.834,1.2,1.23,0.96,0.373,0.507,1.05,0.771,1.3,1.07,0.98,0.408,0.518,1.116,0.802,1.248,1.149,0.972
6,4/9/2012,73.09688609,26.132544,141.0817676,6.022116,16.79780209,25.2,51.444,0,85,220,368,503,665,834,1015,1232,1469,1792,0.458,0.537,1.223,0.852,1.17,1.28,0.96,0.388,0.489,1.028,0.788,1.27,1.11,0.93,0.423,0.513,1.125,0.82,1.222,1.192,0.943
6,5/8/2012,2.86E-06,8.892324,28.18816537,2.69879184,6.536269255,3.6,8.136,0,386,1068,1932,2838,3786,4604,5383,6148,6988,,0.508,0.542,1.355,0.934,1.07,1.5,0.9,0.349,0.469,0.982,0.782,1.28,1.09,0.9,0.428,0.505,1.169,0.858,1.175,1.295,0.901
6,6/3/2012,726.3344621,185.177664,2302.146198,925.741476,364.5129613,51.696,632.16,0,6,13,22,29,39,49,60,71,82,96,0.313,0.365,0.836,0.855,1.17,1.29,0.65,0.29,0.366,0.79,0.807,1.24,1.16,0.68,0.302,0.366,0.813,0.831,1.205,1.224,0.665
6,7/5/2012,1219.863653,406.183716,2109.381061,1523.809296,207.8247732,362.88,346.68,0,6,14,25,34,47,61,77,93,110,129,0.271,0.326,0.723,0.825,1.21,1.21,0.6,0.271,0.326,0.723,0.825,1.21,1.21,0.6,0.271,0.326,0.723,0.825,1.212,1.214,0.595
6,8/7/2012,251.7518396,323.784036,4106.811328,48.8601,950.346303,926.28,2064.24,0,3,8,12,17,22,26,31,36,40,46,0.183,0.19,0.488,0.89,1.12,1.57,0.31,0.172,0.21,0.487,0.784,1.28,1.32,0.37,0.177,0.2,0.487,0.837,1.199,1.449,0.339
6,9/6/2012,540.7891345,305.061156,5181.649166,92.91494778,1158.519572,1232.28,2355.84,0,3,6,9,13,16,20,24,28,32,36,0.174,0.192,0.46,0.899,1.11,1.4,0.33,0.166,0.201,0.442,0.825,1.21,1.2,0.37,0.17,0.196,0.451,0.862,1.163,1.301,0.348
6,10/3/2012,530.0186148,798.288516,5878.029116,579.5738464,1335.731647,1272.96,2495.63412,0,2,6,8,11,15,18,21,24,28,32,0.044,0.056,0.117,0.79,1.27,1.12,0.11,0.028,0.049,0.108,0.845,1.18,1.26,0.09,0.036,0.052,0.112,0.817,1.225,1.192,0.099
6,10/4/2012,0.013312333,2.022084,558.8355145,1272.830062,180.5907206,190.08,592.11576,0,30,54,82,106,140,,,,,,0.044,0.056,0.117,0.79,1.27,1.12,0.11,0.028,0.049,0.108,0.845,1.18,1.26,0.09,0.0361,0.052,0.112,0.817,1.225,1.192,0.099
6,11/6/2012,2633.353014,1254.434724,3412.449187,534.1082447,237.055235,407.16,862.2,0,3,9,16,24,31,37,49,63,77,91,0.398,0.429,1.062,0.926,1.08,1.48,0.72,0.343,0.402,0.919,0.857,1.17,1.29,0.72,0.37,0.415,0.99,0.892,1.123,1.384,0.718
6,12/10/2012,55.92666558,44.836416,5.11121664,156.450559,20.79431939,22.32,54,0,75,195,338,488,646,806,955,1164,1359,1575,0.402,0.451,1.073,0.889,1.12,1.38,0.78,0.346,0.423,0.912,0.805,1.24,1.15,0.79,0.374,0.437,0.992,0.847,1.183,1.267,0.786
6,1/6/2013,,,,,,,,0,82,232,402,620,839,989,1160,1317,1543,1783,0.392,0.431,1.046,0.908,1.1,1.43,0.74,0.307,0.403,0.835,0.775,1.29,1.07,0.78,0.349,0.417,0.941,0.842,1.196,1.252,0.758
6,2/4/2013,,,,,,,,0,898,2635,4360,5926,,,,,,,0.47,0.508,1.255,0.916,1.09,1.46,0.86,0.422,0.48,1.146,0.895,1.12,1.39,0.82,0.446,0.494,1.2,0.906,1.105,1.427,0.843
6,3/4/2013,,,,,,,,0,2405,5058,7960,,,,,,,,0.502,0.52,1.341,0.964,1.037,1.576,0.851,0.426,0.497,1.125,0.848,1.179,1.265,0.889,0.464,0.509,1.233,0.906,1.108,1.421,0.87
7,9/23/2011,294.5188366,374.190336,989.228304,1189.60905,164.1295967,150.84,159.696,0,10,25,45,68,94,116,146,163,186,206,0.171,0.19,0.457,0.897,1.11,1.4,0.33,0.174,0.209,0.463,0.829,1.21,1.22,0.38,0.172,0.2,0.46,0.863,1.16,1.312,0.353
7,10/20/2011,1551.984547,586.995984,800.3241,1403.34242,8.28485794,147.96,96.984,0,7,23,38,68,102,140,189,248,316,401,0.323,0.336,0.863,0.952,1.05,1.59,0.54,0.259,0.336,0.712,0.792,1.26,1.12,0.64,0.291,0.336,0.788,0.872,1.157,1.353,0.59
7,11/28/2011,95.82321939,128.5956,100.520676,246.8263143,19.35298315,16.2,41.76,0,40,128,219,458,595,747,902,1052,1242,1397,0.46,0.52,1.195,0.864,1.16,1.31,0.91,0.369,0.467,0.963,0.772,1.3,1.06,0.91,0.414,0.493,1.079,0.818,1.227,1.185,0.91
7,2/6/2012,67.11879041,60.652944,60.74550072,94.34478798,5.032246658,5.4,9.792,0,95,312,610,950,1370,1742,2232,2745,3308,3872,0.504,0.514,1.345,0.976,1.02,1.63,0.83,0.364,0.455,0.973,0.801,1.25,1.14,0.85,0.434,0.485,1.159,0.888,1.137,1.384,0.84
7,3/8/2012,10.474965,10.381284,0.78535044,38.94806792,5.856666772,5.76,12.5208,0,265,892,1276,1950,2640,3137,3854,4499,5251,5992,0.442,0.529,1.181,0.834,1.2,1.23,0.96,0.373,0.507,1.05,0.771,1.3,1.07,0.98,0.408,0.518,1.116,0.802,1.248,1.149,0.972
7,4/9/2012,81.57589307,86.936976,96.8256,102.6597431,4.773132363,4.32,7.2,0,108,308,511,847,1221,1635,2032,2525,3050,3711,0.458,0.537,1.223,0.852,1.17,1.28,0.96,0.388,0.489,1.028,0.788,1.27,1.11,0.93,0.423,0.513,1.125,0.82,1.222,1.192,0.943
7,5/8/2012,188.6618778,0.248004,56.25,146.196882,6.06239777,46.8,16.25148,0,88,243,308,408,493,767,1097,1411,1760,2131,0.508,0.542,1.355,0.934,1.07,1.5,0.9,0.349,0.469,0.982,0.782,1.28,1.09,0.9,0.428,0.505,1.169,0.858,1.175,1.295,0.901
7,6/3/2012,1047.403782,831.860964,302.551236,4488.883463,740.4077636,779.04,1572.84,0,3,7,11,16,21,27,32,38,43,49,0.313,0.365,0.836,0.855,1.17,1.29,0.65,0.29,0.366,0.79,0.807,1.24,1.16,0.68,0.302,0.366,0.813,0.831,1.205,1.224,0.665
7,7/5/2012,716.5684555,710.329104,267.911424,3652.846162,643.4728725,644.4,1302.48,0,3,9,14,20,26,32,38,44,52,59,0.271,0.326,0.723,0.825,1.21,1.21,0.6,0.271,0.326,0.723,0.825,1.21,1.21,0.6,0.271,0.326,0.723,0.825,1.212,1.214,0.595
7,8/7/2012,1793.816424,1754.436996,7386.371136,5181.649166,765.2091395,774.72,920.88,0,3,6,9,13,18,23,27,33,38,44,0.183,0.19,0.488,0.89,1.12,1.57,0.31,0.172,0.21,0.487,0.784,1.28,1.32,0.37,0.177,0.2,0.487,0.837,1.199,1.449,0.339
7,9/6/2012,493.2275078,427.993344,69.5556,4944.763658,1055.591457,1074.24,2460.96,0,3,6,10,14,18,23,26,31,35,39,0.174,0.192,0.46,0.899,1.11,1.4,0.33,0.166,0.201,0.442,0.825,1.21,1.2,0.37,0.17,0.196,0.451,0.862,1.163,1.301,0.348
7,10/3/2012,978.550177,1215.637956,0.16548624,5948.04525,1025.862785,981.36,2376.72,0,2,5,9,13,17,21,25,29,33,37,0.044,0.056,0.117,0.79,1.27,1.12,0.11,0.028,0.049,0.108,0.845,1.18,1.26,0.09,0.036,0.052,0.112,0.817,1.225,1.192,0.099
7,10/4/2012,66.94374348,64.352484,87.272964,374.4485314,66.07419506,66.96,413.28,0,33,84,136,198,,,,,,,0.044,0.056,0.117,0.79,1.27,1.12,0.11,0.028,0.049,0.108,0.845,1.18,1.26,0.09,0.0361,0.052,0.112,0.817,1.225,1.192,0.099
7,11/6/2012,936.1442661,1052.094096,23.04,3412.449187,486.5534251,469.8,1390.68,0,3,9,16,23,30,38,45,57,62,69,0.398,0.429,1.062,0.926,1.08,1.48,0.72,0.343,0.402,0.919,0.857,1.17,1.29,0.72,0.37,0.415,0.99,0.892,1.123,1.384,0.718
7,12/10/2012,5.536854122,36.869184,0,147.1626457,33.81191209,23.04,66.2256,0,72,213,363,511,661,820,874,1013,1173,1318,0.402,0.451,1.073,0.889,1.12,1.38,0.78,0.346,0.423,0.912,0.805,1.24,1.15,0.79,0.374,0.437,0.992,0.847,1.183,1.267,0.786
7,1/6/2013,,,,,,,,0,48,320,587,863,1100,1461,1760,2082,2378,2663,0.392,0.431,1.046,0.908,1.1,1.43,0.74,0.307,0.403,0.835,0.775,1.29,1.07,0.78,0.349,0.417,0.941,0.842,1.196,1.252,0.758
7,2/4/2013,,,,,,,,0,75,895,1380,1923,2477,2948,3484,3996,4630,5105,0.47,0.508,1.255,0.916,1.09,1.46,0.86,0.422,0.48,1.146,0.895,1.12,1.39,0.82,0.446,0.494,1.2,0.906,1.105,1.427,0.843
7,3/4/2013,,,,,,,,0,209,499,938,1368,1839,2342,2829,3377,3941,4440,0.502,0.52,1.341,0.964,1.037,1.576,0.851,0.426,0.497,1.125,0.848,1.179,1.265,0.889,0.464,0.509,1.233,0.906,1.108,1.421,0.87
8,9/23/2011,255.4892063,236.113956,0.007056,2204.79093,466.6844334,471.6,1038.6,0,6,13,24,31,40,49,58,68,78,88,0.171,0.19,0.457,0.897,1.11,1.4,0.33,0.174,0.209,0.463,0.829,1.21,1.22,0.38,0.172,0.2,0.46,0.863,1.16,1.312,0.353
8,10/20/2011,978.2958504,149.377284,2081.001924,811.3543099,1.230759301,141.84,0,0,16,35,66,109,167,232,321,431,549,704,0.323,0.336,0.863,0.952,1.05,1.59,0.54,0.259,0.336,0.712,0.792,1.26,1.12,0.64,0.291,0.336,0.788,0.872,1.157,1.353,0.59
8,11/28/2011,71.94400816,48.4416,27.185796,94.04809233,3.325636967,7.56,18,0,106,314,598,972,1464,2117,2713,3362,3938,4413,0.46,0.52,1.195,0.864,1.16,1.31,0.91,0.369,0.467,0.963,0.772,1.3,1.06,0.91,0.414,0.493,1.079,0.818,1.227,1.185,0.91
8,2/6/2012,3.70E-07,1.838736,0.4761,11.59490716,3.379489471,2.16,4.32,0,1105,2763,4276,6281,8453,9521,9944,10508,,,0.504,0.514,1.345,0.976,1.02,1.63,0.83,0.364,0.455,0.973,0.801,1.25,1.14,0.85,0.434,0.485,1.159,0.888,1.137,1.384,0.84
8,3/8/2012,7.90E-07,4.639716,1.354896,14.81037716,3.670636933,2.16,4.32,0,695,2085,3669,5020,6829,8670,,,,,0.442,0.529,1.181,0.834,1.2,1.23,0.96,0.373,0.507,1.05,0.771,1.3,1.07,0.98,0.408,0.518,1.116,0.802,1.248,1.149,0.972
8,4/9/2012,0.000286309,3.873024,2.196324,24.86306652,6.210419987,4.68,8.28,0,588,1235,1952,2872,3877,4913,5868,,,,0.458,0.537,1.223,0.852,1.17,1.28,0.96,0.388,0.489,1.028,0.788,1.27,1.11,0.93,0.423,0.513,1.125,0.82,1.222,1.192,0.943
8,5/8/2012,102.6035154,80.784144,160.427556,156.7920798,10.95989716,12.96,15.48,0,70,188,351,541,732,965,1198,1475,1762,2074,0.508,0.542,1.355,0.934,1.07,1.5,0.9,0.349,0.469,0.982,0.782,1.28,1.09,0.9,0.428,0.505,1.169,0.858,1.175,1.295,0.901
8,6/3/2012,1186.133806,898.920324,0,3061.948934,392.8848731,431.64,1312.92,0,4,10,17,24,33,41,50,60,70,81,0.313,0.365,0.836,0.855,1.17,1.29,0.65,0.29,0.366,0.79,0.807,1.24,1.16,0.68,0.302,0.366,0.813,0.831,1.205,1.224,0.665
8,7/5/2012,722.4118152,709.6896,192.598884,2974.022625,463.1667558,465.12,992.16,0,4,10,18,25,34,42,50,59,68,77,0.271,0.326,0.723,0.825,1.21,1.21,0.6,0.271,0.326,0.723,0.825,1.21,1.21,0.6,0.271,0.326,0.723,0.825,1.212,1.214,0.595
8,8/7/2012,1145.449089,1170.460944,110.628324,5948.04525,1040.269396,1035.72,2293.2,0,2,5,9,12,16,20,24,28,32,36,0.183,0.19,0.488,0.89,1.12,1.57,0.31,0.172,0.21,0.487,0.784,1.28,1.32,0.37,0.177,0.2,0.487,0.837,1.199,1.449,0.339
8,9/6/2012,614.8847104,417.139776,0,6307.647239,1483.464056,1545.48,3427.56,0,2,5,8,10,13,16,18,22,25,29,0.174,0.192,0.46,0.899,1.11,1.4,0.33,0.166,0.201,0.442,0.825,1.21,1.2,0.37,0.17,0.196,0.451,0.862,1.163,1.301,0.348
8,10/3/2012,85.71778137,386.358336,0,6307.647239,1583.349711,1439.28,4360.68,0,2,5,8,12,15,18,20,24,26,29,0.044,0.056,0.117,0.79,1.27,1.12,0.11,0.028,0.049,0.108,0.845,1.18,1.26,0.09,0.036,0.052,0.112,0.817,1.225,1.192,0.099
8,10/4/2012,101.9792818,59.166864,15.9201,178.3533349,14.55270291,22.32,52.56,0,62,175,297,445,616,875,,,,,0.044,0.056,0.117,0.79,1.27,1.12,0.11,0.028,0.049,0.108,0.845,1.18,1.26,0.09,0.0361,0.052,0.112,0.817,1.225,1.192,0.099
8,11/6/2012,358.4494202,319.908996,288.728064,499.2477315,25.89939568,29.16,57.6,0,18,61,113,181,254,320,445,532,628,,0.398,0.429,1.062,0.926,1.08,1.48,0.72,0.343,0.402,0.919,0.857,1.17,1.29,0.72,0.37,0.415,0.99,0.892,1.123,1.384,0.718
8,12/10/2012,101.6141773,129.823236,72.795024,257.6208114,26.33055871,23.4,52.92,0,33,108,232,341,473,585,714,825,964,1133,0.402,0.451,1.073,0.889,1.12,1.38,0.78,0.346,0.423,0.912,0.805,1.24,1.15,0.79,0.374,0.437,0.992,0.847,1.183,1.267,0.786
8,1/6/2013,,,,,,,,0,277,653,1052,1536,1950,2470,3145,,,,0.392,0.431,1.046,0.908,1.1,1.43,0.74,0.307,0.403,0.835,0.775,1.29,1.07,0.78,0.349,0.417,0.941,0.842,1.196,1.252,0.758
8,2/4/2013,,,,,,,,0,166,387,833,1691,2643,3631,4633,5650,,,0.47,0.508,1.255,0.916,1.09,1.46,0.86,0.422,0.48,1.146,0.895,1.12,1.39,0.82,0.446,0.494,1.2,0.906,1.105,1.427,0.843
8,3/4/2013,,,,,,,,0,3035,6444,9027,,,,,,,,0.502,0.52,1.341,0.964,1.037,1.576,0.851,0.426,0.497,1.125,0.848,1.179,1.265,0.889,0.464,0.509,1.233,0.906,1.108,1.421,0.87
9,9/23/2011,178.1366306,206.841924,0,2153.040565,472.1099638,463.68,1084.32,0,6,14,24,33,41,52,60,70,80,89,0.171,0.19,0.457,0.897,1.11,1.4,0.33,0.174,0.209,0.463,0.829,1.21,1.22,0.38,0.172,0.2,0.46,0.863,1.16,1.312,0.353
9,10/20/2011,430.7680421,400.880484,299.6361,462.3154116,10.85343735,12.6,39.24,0,15,63,130,208,297,400,524,668,830,1002,0.323,0.336,0.863,0.952,1.05,1.59,0.54,0.259,0.336,0.712,0.792,1.26,1.12,0.64,0.291,0.336,0.788,0.872,1.157,1.353,0.59
9,11/28/2011,5.61E-07,2.414916,0,13.48044142,3.572837558,2.52,5.76,0,872,2325,3849,5478,7105,8610,,,,,0.46,0.52,1.195,0.864,1.16,1.31,0.91,0.369,0.467,0.963,0.772,1.3,1.06,0.91,0.414,0.493,1.079,0.818,1.227,1.185,0.91
9,2/6/2012,15.96944315,13.003236,3.526884,33.00448614,3.391106681,3.6,9.36,0,335,930,1623,2393,3224,4148,5121,6161,7233,8310,0.504,0.514,1.345,0.976,1.02,1.63,0.83,0.364,0.455,0.973,0.801,1.25,1.14,0.85,0.434,0.485,1.159,0.888,1.137,1.384,0.84
9,3/8/2012,8.28E-08,0.7056,0,3.228274474,1.365024828,0.72,2.16,0,2996,7543,,,,,,,,,0.442,0.529,1.181,0.834,1.2,1.23,0.96,0.373,0.507,1.05,0.771,1.3,1.07,0.98,0.408,0.518,1.116,0.802,1.248,1.149,0.972
9,4/9/2012,90.18760431,6.140484,263.997504,70.01382194,1.366802835,15.12,0,0,205,425,715,1031,1444,1948,2674,3633,4631,5765,0.458,0.537,1.223,0.852,1.17,1.28,0.96,0.388,0.489,1.028,0.788,1.27,1.11,0.93,0.423,0.513,1.125,0.82,1.222,1.192,0.943
9,5/8/2012,30.23509048,32.764176,22.924944,59.7299041,4.698464593,4.32,9.36,0,153,491,962,1510,2107,2741,3405,4032,4662,5390,0.508,0.542,1.355,0.934,1.07,1.5,0.9,0.349,0.469,0.982,0.782,1.28,1.09,0.9,0.428,0.505,1.169,0.858,1.175,1.295,0.901
9,6/3/2012,211.6772407,180.311184,0,2198.055823,487.2219911,496.44,1191.24,0,6,14,23,31,40,48,57,66,76,87,0.313,0.365,0.836,0.855,1.17,1.29,0.65,0.29,0.366,0.79,0.807,1.24,1.16,0.68,0.302,0.366,0.813,0.831,1.205,1.224,0.665
9,7/5/2012,176.1888548,96.353856,0,2083.472541,495.9056042,524.16,1509.12,0,7,15,23,31,39,48,57,67,76,87,0.271,0.326,0.723,0.825,1.21,1.21,0.6,0.271,0.326,0.723,0.825,1.21,1.21,0.6,0.271,0.326,0.723,0.825,1.212,1.214,0.595
9,8/7/2012,298.6728986,181.764324,0,1754.620107,337.3213555,364.68,1970.64,0,9,18,26,40,51,64,76,86,103,116,0.183,0.19,0.488,0.89,1.12,1.57,0.31,0.172,0.21,0.487,0.784,1.28,1.32,0.37,0.177,0.2,0.487,0.837,1.199,1.449,0.339
9,9/6/2012,759.2806892,387.066276,0,2559.224322,410.2106935,486.72,1254.6,0,5,12,20,28,36,44,53,63,73,88,0.174,0.192,0.46,0.899,1.11,1.4,0.33,0.166,0.201,0.442,0.825,1.21,1.2,0.37,0.17,0.196,0.451,0.862,1.163,1.301,0.348
9,10/3/2012,946.7898622,470.4561,0,2487.476685,354.4074783,443.16,1611.36,0,5,13,20,27,37,47,57,68,80,93,0.044,0.056,0.117,0.79,1.27,1.12,0.11,0.028,0.049,0.108,0.845,1.18,1.26,0.09,0.036,0.052,0.112,0.817,1.225,1.192,0.099
9,10/4/2012,105.641606,55.980324,0,283.0359113,34.29812136,47.88,143.28,0,42,113,180,264,388,,,,,,0.044,0.056,0.117,0.79,1.27,1.12,0.11,0.028,0.049,0.108,0.845,1.18,1.26,0.09,0.0361,0.052,0.112,0.817,1.225,1.192,0.099
9,11/6/2012,359.1563172,297.148644,250.335684,794.837547,72.5011771,79.2,151.2,0,9,36,76,112,151,200,235,279,333,,0.398,0.429,1.062,0.926,1.08,1.48,0.72,0.343,0.402,0.919,0.857,1.17,1.29,0.72,0.37,0.415,0.99,0.892,1.123,1.384,0.718
9,12/10/2012,152.2389452,183.385764,151.29,348.9218653,35.83429237,32.4,56.16,0,26,70,179,226,319,422,523,614,670,806,0.402,0.451,1.073,0.889,1.12,1.38,0.78,0.346,0.423,0.912,0.805,1.24,1.15,0.79,0.374,0.437,0.992,0.847,1.183,1.267,0.786
9,1/6/2013,,,,,,,,0,14,38,71,111,150,203,247,288,335,381,0.392,0.431,1.046,0.908,1.1,1.43,0.74,0.307,0.403,0.835,0.775,1.29,1.07,0.78,0.349,0.417,0.941,0.842,1.196,1.252,0.758
9,2/4/2013,,,,,,,,0,80,244,419,593,787,968,1162,1336,1553,1734,0.47,0.508,1.255,0.916,1.09,1.46,0.86,0.422,0.48,1.146,0.895,1.12,1.39,0.82,0.446,0.494,1.2,0.906,1.105,1.427,0.843
9,3/4/2013,,,,,,,,0,115,606,1331,1860,1889,3154,3840,4431,5102,5687,0.502,0.52,1.341,0.964,1.037,1.576,0.851,0.426,0.497,1.125,0.848,1.179,1.265,0.889,0.464,0.509,1.233,0.906,1.108,1.421,0.87
10,9/23/2011,1158.853281,682.149924,703.628676,1363.563649,67.84175782,116.64,201.6,0,8,22,40,59,84,112,141,176,218,262,0.171,0.19,0.457,0.897,1.11,1.4,0.33,0.174,0.209,0.463,0.829,1.21,1.22,0.38,0.172,0.2,0.46,0.863,1.16,1.312,0.353
10,10/20/2011,1428.842042,706.815396,1167.5889,1446.42741,42.46118707,120.96,128.52,0,8,19,39,58,86,113,148,188,236,289,0.323,0.336,0.863,0.952,1.05,1.59,0.54,0.259,0.336,0.712,0.792,1.26,1.12,0.64,0.291,0.336,0.788,0.872,1.157,1.353,0.59
10,11/28/2011,125.3118682,95.0625,89.8704,150.5398122,6.668510681,9.36,17.28,0,62,205,369,570,805,1084,1386,1723,2104,2516,0.46,0.52,1.195,0.864,1.16,1.31,0.91,0.369,0.467,0.963,0.772,1.3,1.06,0.91,0.414,0.493,1.079,0.818,1.227,1.185,0.91
10,2/6/2012,26.01287236,21.233664,26.440164,36.08695795,2.010033875,2.52,3.6,0,255,845,1555,2448,3432,4539,5627,6850,8324,9973,0.504,0.514,1.345,0.976,1.02,1.63,0.83,0.364,0.455,0.973,0.801,1.25,1.14,0.85,0.434,0.485,1.159,0.888,1.137,1.384,0.84
10,3/8/2012,57.83616368,43.797924,58.430736,57.15932991,0.060110156,0.72,0.36,0,153,563,958,1685,2885,4402,5923,7538,9092,,0.442,0.529,1.181,0.834,1.2,1.23,0.96,0.373,0.507,1.05,0.771,1.3,1.07,0.98,0.408,0.518,1.116,0.802,1.248,1.149,0.972
10,4/9/2012,1.70E-06,3.048516,0.746496,17.44859915,4.71485571,3.24,6.48,0,681,1724,3047,4004,5114,6752,,,,,0.458,0.537,1.223,0.852,1.17,1.28,0.96,0.388,0.489,1.028,0.788,1.27,1.11,0.93,0.423,0.513,1.125,0.82,1.222,1.192,0.943
10,5/8/2012,26.67732475,38.9376,29.680704,75.96732609,9.920201273,8.28,18,0,82,460,715,1030,1324,1667,2086,2442,2834,3275,0.508,0.542,1.355,0.934,1.07,1.5,0.9,0.349,0.469,0.982,0.782,1.28,1.09,0.9,0.428,0.505,1.169,0.858,1.175,1.295,0.901
10,6/3/2012,328.4056869,125.081856,995.654916,3453.416938,862.7825333,938.16,1445.76,0,4,10,13,17,22,27,32,38,44,50,0.313,0.365,0.836,0.855,1.17,1.29,0.65,0.29,0.366,0.79,0.807,1.24,1.16,0.68,0.302,0.366,0.813,0.831,1.205,1.224,0.665
10,7/5/2012,372.8568652,168.272784,75.481344,3108.989502,710.0720867,774,1457.28,0,5,10,15,20,25,32,39,45,52,58,0.271,0.326,0.723,0.825,1.21,1.21,0.6,0.271,0.326,0.723,0.825,1.21,1.21,0.6,0.271,0.326,0.723,0.825,1.212,1.214,0.595
10,8/7/2012,692.744509,984.7044,0,6307.647239,1195.959338,1130.4,3214.44,0,2,5,8,12,16,20,23,27,30,33,0.183,0.19,0.488,0.89,1.12,1.57,0.31,0.172,0.21,0.487,0.784,1.28,1.32,0.37,0.177,0.2,0.487,0.837,1.199,1.449,0.339
10,9/6/2012,522.3954542,538.611264,0,6307.647239,1414.049872,1408.68,3538.08,0,2,5,8,11,14,17,20,23,27,30,0.174,0.192,0.46,0.899,1.11,1.4,0.33,0.166,0.201,0.442,0.825,1.21,1.2,0.37,0.17,0.196,0.451,0.862,1.163,1.301,0.348
10,10/3/2012,111.338759,238.331844,0,6307.647239,1689.638439,1618.92,3548.88,0,2,5,8,11,13,16,19,22,25,27,0.044,0.056,0.117,0.79,1.27,1.12,0.11,0.028,0.049,0.108,0.845,1.18,1.26,0.09,0.036,0.052,0.112,0.817,1.225,1.192,0.099
10,10/4/2012,558.9313049,677.769156,0,3953.878811,763.7511511,722.88,1981.8,0,3,8,13,18,,,,,,,0.044,0.056,0.117,0.79,1.27,1.12,0.11,0.028,0.049,0.108,0.845,1.18,1.26,0.09,0.0361,0.052,0.112,0.817,1.225,1.192,0.099
10,11/6/2012,171.0984485,189.447696,180.311184,266.754194,11.87295042,10.44,22.68,0,15,100,244,386,577,728,935,1134,1338,1552,0.398,0.429,1.062,0.926,1.08,1.48,0.72,0.343,0.402,0.919,0.857,1.17,1.29,0.72,0.37,0.415,0.99,0.892,1.123,1.384,0.718
10,1/6/2013,,,,,,,,0,25,62,89,116,152,178,210,257,314,354,0.392,0.431,1.046,0.908,1.1,1.43,0.74,0.307,0.403,0.835,0.775,1.29,1.07,0.78,0.349,0.417,0.941,0.842,1.196,1.252,0.758
10,2/4/2013,,,,,,,,0,165,470,824,1157,1476,1914,2221,2428,2912,3354,0.47,0.508,1.255,0.916,1.09,1.46,0.86,0.422,0.48,1.146,0.895,1.12,1.39,0.82,0.446,0.494,1.2,0.906,1.105,1.427,0.843
10,3/4/2013,,,,,,,,0,11730,,,,,,,,,,0.502,0.52,1.341,0.964,1.037,1.576,0.851,0.426,0.497,1.125,0.848,1.179,1.265,0.889,0.464,0.509,1.233,0.906,1.108,1.421,0.87
11,9/23/2011,376.9940184,237.406464,408.363264,350.208032,4.111330725,17.28,5.04,0,25,85,164,263,390,526,716,936,1179,1456,0.171,0.19,0.457,0.897,1.11,1.4,0.33,0.174,0.209,0.463,0.829,1.21,1.22,0.38,0.172,0.2,0.46,0.863,1.16,1.312,0.353
11,10/20/2011,652.070939,295.908804,693.163584,692.3225497,18.96802369,69.12,31.68,0,15,44,79,125,185,253,338,430,519,625,0.323,0.336,0.863,0.952,1.05,1.59,0.54,0.259,0.336,0.712,0.792,1.26,1.12,0.64,0.291,0.336,0.788,0.872,1.157,1.353,0.59
11,11/28/2011,5.94E-08,0,0,1.408627004,1.019387209,0,0,0,4878,,,,,,,,,,0.46,0.52,1.195,0.864,1.16,1.31,0.91,0.369,0.467,0.963,0.772,1.3,1.06,0.91,0.414,0.493,1.079,0.818,1.227,1.185,0.91
11,2/6/2012,6.23E-07,3.090564,0.009216,13.53145304,3.318371438,2.16,5.76,0,995,2210,3782,5404,7565,9749,,,,,0.504,0.514,1.345,0.976,1.02,1.63,0.83,0.364,0.455,0.973,0.801,1.25,1.14,0.85,0.434,0.485,1.159,0.888,1.137,1.384,0.84
11,3/8/2012,9.28E-08,0.097344,0,5.043141808,1.587872178,1.44,3.96,0,2883,6199,9513,,,,,,,,0.442,0.529,1.181,0.834,1.2,1.23,0.96,0.373,0.507,1.05,0.771,1.3,1.07,0.98,0.408,0.518,1.116,0.802,1.248,1.149,0.972
11,4/9/2012,4.48E-07,0.695556,0,10.33336636,3.124860252,2.52,10.08,0,1266,2794,5118,6620,7704,,,,,,0.458,0.537,1.223,0.852,1.17,1.28,0.96,0.388,0.489,1.028,0.788,1.27,1.11,0.93,0.423,0.513,1.125,0.82,1.222,1.192,0.943
11,5/8/2012,6.04E-06,5.089536,13.046544,29.02371814,7.090941969,5.04,89.64,0,428,1056,1784,2566,3310,4159,4963,5738,6515,,0.508,0.542,1.355,0.934,1.07,1.5,0.9,0.349,0.469,0.982,0.782,1.28,1.09,0.9,0.428,0.505,1.169,0.858,1.175,1.295,0.901
11,6/3/2012,1502.727108,753.5025,0,3373.442139,435.3872954,553.68,1535.4,0,4,9,15,21,28,34,43,52,61,72,0.313,0.365,0.836,0.855,1.17,1.29,0.65,0.29,0.366,0.79,0.807,1.24,1.16,0.68,0.302,0.366,0.813,0.831,1.205,1.224,0.665
11,7/5/2012,1850.289317,855.913536,83.283876,3061.948934,293.5727824,435.24,1080.36,0,4,10,17,25,33,41,51,63,76,91,0.271,0.326,0.723,0.825,1.21,1.21,0.6,0.271,0.326,0.723,0.825,1.21,1.21,0.6,0.271,0.326,0.723,0.825,1.212,1.214,0.595
11,8/7/2012,931.1697755,843.3216,376.981056,3953.878811,637.5733682,652.68,1307.16,0,3,8,13,19,25,30,37,43,50,57,0.183,0.19,0.488,0.89,1.12,1.57,0.31,0.172,0.21,0.487,0.784,1.28,1.32,0.37,0.177,0.2,0.487,0.837,1.199,1.449,0.339
11,9/6/2012,324.2489593,404.492544,0,4306.08113,947.45752,923.4,2079.72,0,3,7,12,17,21,26,30,35,40,45,0.174,0.192,0.46,0.899,1.11,1.4,0.33,0.166,0.201,0.442,0.825,1.21,1.2,0.37,0.17,0.196,0.451,0.862,1.163,1.301,0.348
11,10/3/2012,0,0,0,3198.453641,1032.706856,1043.64,2427.48,0,5,10,14,19,24,29,34,39,43,48,0.044,0.056,0.117,0.79,1.27,1.12,0.11,0.028,0.049,0.108,0.845,1.18,1.26,0.09,0.036,0.052,0.112,0.817,1.225,1.192,0.099
11,10/4/2012,171.0292242,160.731684,0,1184.574183,228.1361545,231.84,592.92,0,11,25,44,60,,,,,,,0.044,0.056,0.117,0.79,1.27,1.12,0.11,0.028,0.049,0.108,0.845,1.18,1.26,0.09,0.0361,0.052,0.112,0.817,1.225,1.192,0.099
11,11/6/2012,392.2591537,410.305536,350.663076,709.3574035,51.33496154,49.68,100.08,0,12,45,78,127,177,240,289,335,397,476,0.398,0.429,1.062,0.926,1.08,1.48,0.72,0.343,0.402,0.919,0.857,1.17,1.29,0.72,0.37,0.415,0.99,0.892,1.123,1.384,0.718
11,12/10/2012,36.67197145,44.916804,25.1001,80.62082796,7.777684893,6.84,15.84,0,98,387,705,1059,1449,1775,2280,,,,0.402,0.451,1.073,0.889,1.12,1.38,0.78,0.346,0.423,0.912,0.805,1.24,1.15,0.79,0.374,0.437,0.992,0.847,1.183,1.267,0.786
11,1/6/2013,,,,,,,,0,64,160,301,515,748,1040,1282,1533,1805,2146,0.392,0.431,1.046,0.908,1.1,1.43,0.74,0.307,0.403,0.835,0.775,1.29,1.07,0.78,0.349,0.417,0.941,0.842,1.196,1.252,0.758
11,2/4/2013,,,,,,,,0,56,328,674,940,1290,1636,2014,2340,2705,3059,0.47,0.508,1.255,0.916,1.09,1.46,0.86,0.422,0.48,1.146,0.895,1.12,1.39,0.82,0.446,0.494,1.2,0.906,1.105,1.427,0.843
11,3/4/2013,,,,,,,,0,333,852,1570,2164,2748,3595,4392,5430,6631,7674,0.502,0.52,1.341,0.964,1.037,1.576,0.851,0.426,0.497,1.125,0.848,1.179,1.265,0.889,0.464,0.509,1.233,0.906,1.108,1.421,0.87
12,9/23/2011,69.93405582,51.322896,0,1012.750534,245.5235791,252.36,532.44,0,13,32,48,65,83,98,117,136,157,179,0.171,0.19,0.457,0.897,1.11,1.4,0.33,0.174,0.209,0.463,0.829,1.21,1.22,0.38,0.172,0.2,0.46,0.863,1.16,1.312,0.353
12,10/20/2011,706.7702321,623.900484,527.529024,940.0318976,47.71506527,54,111.96,0,9,33,60,94,133,175,222,272,330,394,0.323,0.336,0.863,0.952,1.05,1.59,0.54,0.259,0.336,0.712,0.792,1.26,1.12,0.64,0.291,0.336,0.788,0.872,1.157,1.353,0.59
12,11/28/2011,8.16E-08,0.007056,0,3.061435961,1.355281508,1.44,4.32,0,3615,7365,,,,,,,,,0.46,0.52,1.195,0.864,1.16,1.31,0.91,0.369,0.467,0.963,0.772,1.3,1.06,0.91,0.414,0.493,1.079,0.818,1.227,1.185,0.91
12,2/6/2012,7.07E-08,0.028224,0,2.930587542,1.291950016,1.08,3.96,0,3731,7755,,,,,,,,,0.504,0.514,1.345,0.976,1.02,1.63,0.83,0.364,0.455,0.973,0.801,1.25,1.14,0.85,0.434,0.485,1.159,0.888,1.137,1.384,0.84
12,3/8/2012,9.39E-08,0.1521,0,4.871403309,1.586184901,1.08,8.64,0,3176,6945,8862,,,,,,,,0.442,0.529,1.181,0.834,1.2,1.23,0.96,0.373,0.507,1.05,0.771,1.3,1.07,0.98,0.408,0.518,1.116,0.802,1.248,1.149,0.972
12,4/9/2012,8.715453222,15.116544,0.933156,15.97038147,1.193543329,0.36,3.6,0,951,1585,3365,5657,7830,,,,,,0.458,0.537,1.223,0.852,1.17,1.28,0.96,0.388,0.489,1.028,0.788,1.27,1.11,0.93,0.423,0.513,1.125,0.82,1.222,1.192,0.943
12,5/8/2012,16.66753683,13.749264,12.830724,51.14562515,7.554233664,7.92,14.4,0,206,641,1013,1403,1851,2288,2820,3362,3922,4494,0.508,0.542,1.355,0.934,1.07,1.5,0.9,0.349,0.469,0.982,0.782,1.28,1.09,0.9,0.428,0.505,1.169,0.858,1.175,1.295,0.901
12,6/3/2012,1212.474024,528.356196,192.432384,1303.991066,52.17687057,134.64,343.08,0,9,23,41,62,88,119,154,196,237,292,0.313,0.365,0.836,0.855,1.17,1.29,0.65,0.29,0.366,0.79,0.807,1.24,1.16,0.68,0.302,0.366,0.813,0.831,1.205,1.224,0.665
12,7/5/2012,1069.292486,524.501604,1088.208144,2198.055823,241.2028981,333,439.92,0,6,14,23,34,46,59,72,89,103,120,0.271,0.326,0.723,0.825,1.21,1.21,0.6,0.271,0.326,0.723,0.825,1.21,1.21,0.6,0.271,0.326,0.723,0.825,1.212,1.214,0.595
12,8/7/2012,775.4605994,598.389444,66.389904,4944.763658,953.3294073,993.96,2067.12,0,3,6,10,14,18,23,28,32,36,41,0.183,0.19,0.488,0.89,1.12,1.57,0.31,0.172,0.21,0.487,0.784,1.28,1.32,0.37,0.177,0.2,0.487,0.837,1.199,1.449,0.339
12,9/6/2012,0,0,0,7730.192844,1765.92653,1795.32,4270.32,0,3,6,8,11,14,17,20,23,25,28,0.174,0.192,0.46,0.899,1.11,1.4,0.33,0.166,0.201,0.442,0.825,1.21,1.2,0.37,0.17,0.196,0.451,0.862,1.163,1.301,0.348
12,10/3/2012,78.42476637,95.179536,0,4944.763658,1360.319599,1348.92,3302.64,0,3,6,10,13,17,20,24,27,31,34,0.044,0.056,0.117,0.79,1.27,1.12,0.11,0.028,0.049,0.108,0.845,1.18,1.26,0.09,0.036,0.052,0.112,0.817,1.225,1.192,0.099
12,10/4/2012,19.80455037,20.575296,8.088336,45.65958985,4.639524715,4.32,11.16,0,215,672,1208,,,,,,,,0.044,0.056,0.117,0.79,1.27,1.12,0.11,0.028,0.049,0.108,0.845,1.18,1.26,0.09,0.0361,0.052,0.112,0.817,1.225,1.192,0.099
12,11/6/2012,489.4084754,700.449156,203.575824,1432.184878,147.1095151,123.84,330.48,0,6,21,40,66,90,110,135,158,178,207,0.398,0.429,1.062,0.926,1.08,1.48,0.72,0.343,0.402,0.919,0.857,1.17,1.29,0.72,0.37,0.415,0.99,0.892,1.123,1.384,0.718
12,12/10/2012,32.53197681,43.086096,9.659664,87.35443273,9.469428369,7.92,22.68,0,98,359,640,1010,1349,1669,2010,,,,0.402,0.451,1.073,0.889,1.12,1.38,0.78,0.346,0.423,0.912,0.805,1.24,1.15,0.79,0.374,0.437,0.992,0.847,1.183,1.267,0.786
12,1/6/2013,,,,,,,,0,115,462,943,1450,1850,2312,2763,,,,0.392,0.431,1.046,0.908,1.1,1.43,0.74,0.307,0.403,0.835,0.775,1.29,1.07,0.78,0.349,0.417,0.941,0.842,1.196,1.252,0.758
12,2/4/2013,,,,,,,,0,330,1084,1915,2769,3591,4524,5142,,,,0.47,0.508,1.255,0.916,1.09,1.46,0.86,0.422,0.48,1.146,0.895,1.12,1.39,0.82,0.446,0.494,1.2,0.906,1.105,1.427,0.843
12,3/4/2013,,,,,,,,0,238,693,1250,1757,2275,2900,3544,4003,4606,5263,0.502,0.52,1.341,0.964,1.037,1.576,0.851,0.426,0.497,1.125,0.848,1.179,1.265,0.889,0.464,0.509,1.233,0.906,1.108,1.421,0.87
